Source;Target;Weight
5431000;87304;1
10843591;87304;1
12498238;87304;1
15405165;87304;1
44414570;87304;1
1964069;199823;1
2325879;199823;1
6617744;297772;1
8239199;297772;1
17227606;297772;1
34918066;297772;1
23289778;351769;1
41065261;375901;2
23863638;459957;1
29003178;459957;1
7969033;488820;1
8646924;488820;1
25225350;488820;1
31519216;488820;1
35163026;488820;1
50472272;488820;1
25225350;488844;1
8646925;495734;1
9516648;495734;1
23890225;495734;1
44984729;495734;1
48121852;561597;1
49804602;561597;2
43912302;587051;1
45323422;587051;1
2721613;598018;2
4128208;598018;1
9557261;598018;3
11487785;598018;1
15759311;598018;1
19517070;598018;1
20156323;598018;2
42452854;598018;1
7847213;612732;1
25588388;612732;1
19679953;709049;1
35461633;709049;1
42761296;709049;1
1023857;749127;1
11146971;749127;1
18939563;749127;1
10095812;779196;1
21558751;779196;2
44972071;779196;2
8620269;779669;1
16020022;779669;1
22963313;779669;1
30980087;779669;1
33764775;779669;1
43912302;779669;1
8294253;805693;1
14055009;805693;1
28579913;805693;1
43525927;805693;1
5534462;814018;2
10136288;814018;2
40132305;814018;1
41041437;814018;2
13112915;823759;2
14600871;823759;2
16652969;928220;1
42761298;928220;1
10843593;969535;1
13100230;969535;3
13112915;969535;3
14600871;969535;3
14926442;969535;1
14929638;969535;1
15405165;969535;1
15573442;969535;1
18473715;969535;3
27300204;969535;1
28187182;969535;3
31130137;969535;1
36030110;969535;3
38019649;969535;3
43564204;969535;3
47259127;969535;1
21460748;979453;1
41010788;979453;1
7847213;1010450;3
12100688;1010450;6
14485170;1010450;1
19882354;1010450;6
25706166;1010450;1
34982892;1010450;1
43383961;1010450;4
749127;1023857;1
11146971;1023857;1
18939563;1023857;1
3379361;1051796;4
7847672;1051796;3
8564538;1051796;1
12391891;1051796;5
25483199;1051796;5
25546605;1051796;1
46337908;1051796;2
49804602;1051796;1
50961064;1051796;2
6647301;1149569;8
26503031;1149569;1
27341417;1149569;5
37607456;1149569;2
51499432;1149569;7
20760547;1176303;1
21831517;1176303;4
47041330;1176303;2
47974333;1176303;2
51531983;1176303;3
16527207;1285728;2
19178325;1285728;3
47041330;1285728;3
17835781;1296328;1
19195734;1296328;1
33326481;1296328;1
42103349;1296328;1
13675907;1404557;2
41571458;1404557;2
47058525;1404557;1
11110297;1434983;1
31692725;1434983;1
39380681;1434983;1
48757934;1434983;1
12093333;1478446;5
20356823;1478446;1
25632025;1478446;1
30198941;1478446;6
30611292;1478446;14
34147741;1478446;1
40994916;1478446;4
9557261;1535769;1
10471826;1600218;2
17452215;1600218;3
33326481;1600218;1
35461633;1600218;2
38231440;1600218;1
49804602;1600218;1
3039442;1791959;1
4265816;1791959;1
7665956;1791959;2
7854486;1791959;1
8745592;1791959;1
11516994;1791959;3
12860515;1791959;1
13723858;1791959;1
18116337;1791959;2
22195484;1791959;2
25794676;1791959;2
27237804;1791959;1
28472873;1791959;2
30084098;1791959;6
33072551;1791959;2
40972778;1791959;1
44522359;1791959;2
45096299;1791959;1
48811338;1791959;2
49392368;1791959;1
50502462;1791959;3
3099406;1867853;1
12093333;1867853;1
36399344;1867853;1
38231440;1897714;1
41136578;1897714;1
41453445;1897714;1
32966959;1961072;1
37263995;1961072;1
199823;1964069;1
2325879;1964069;1
3928429;1964069;1
4151183;1964069;4
10957621;1964069;1
22905588;1964069;2
26989326;1964069;1
29130759;1964069;1
29164206;1964069;1
30868637;1964069;1
34196862;1964069;1
37479635;1964069;6
38196826;1964069;1
38991156;1964069;3
39129668;1964069;4
39684338;1964069;1
41864666;1964069;1
47309165;1964069;1
48413578;1964069;3
51285527;1964069;1
6518850;2174139;1
7847672;2174139;1
32853064;2174139;1
44509491;2174139;1
46379742;2174139;1
28472873;2253960;1
42122548;2253960;1
45138641;2253960;2
48811338;2253960;1
49131445;2253960;1
12093333;2263878;1
30611292;2263878;1
32594078;2263878;1
199823;2325879;1
1964069;2325879;1
21577092;2353618;1
31965149;2353618;1
43645248;2353618;1
12223530;2382511;1
23465562;2382511;1
15642184;2391509;1
27810395;2398006;2
32762861;2398006;2
43677091;2398006;1
12100688;2479649;1
25706166;2479649;1
46602081;2479649;1
14582031;2558746;1
43972767;2558746;1
8268010;2580732;1
8379715;2580732;1
25995175;2580732;1
34235948;2580732;1
35534987;2580732;1
12169030;2581430;1
31965149;2581430;1
32986714;2581430;1
43337026;2581430;1
6835359;2660483;1
9557261;2660483;1
13246097;2660483;1
26041806;2660483;1
28469491;2660483;1
598018;2721613;2
9557261;2721613;2
20156323;2721613;2
1791959;3039442;1
11516994;3039442;1
13675907;3056605;1
22371030;3056605;1
26587299;3056605;1
40241868;3056605;1
41571458;3056605;1
41720858;3056605;1
42031685;3056605;1
1867853;3099406;1
5885514;3099406;2
6371474;3099406;1
7134753;3099406;1
12093333;3099406;7
19452145;3099406;3
25642450;3099406;1
33262379;3099406;1
35461633;3099406;3
36399344;3099406;1
39141747;3099406;1
39758190;3099406;1
42761296;3099406;3
4382039;3159874;1
17452215;3159874;2
19178325;3159874;1
33326481;3159874;4
38222341;3159874;2
38676668;3159874;2
47041330;3159874;1
15836872;3212044;1
17105782;3212044;1
31259881;3212044;1
3740076;3253446;1
16730170;3327157;1
1051796;3379361;4
7847672;3379361;3
12391891;3379361;4
25483199;3379361;4
46337908;3379361;2
50961064;3379361;2
6050550;3410832;3
7545493;3410832;3
8098780;3410832;2
25931002;3410832;1
31587716;3410832;3
32275860;3410832;3
32804293;3410832;2
35196705;3410832;1
38889827;3410832;1
41041437;3410832;1
42611150;3410832;1
50724152;3410832;2
6647301;3563111;1
27341417;3563111;1
40202553;3563111;1
47840748;3567062;1
14696334;3642687;1
17871960;3642687;1
3253446;3740076;1
6647301;3740076;1
11958649;3740076;1
13653577;3740076;1
24181624;3740076;1
27341417;3740076;10
30490622;3740076;1
31835654;3740076;1
35333883;3740076;1
36829968;3740076;3
37607456;3740076;5
43131812;3740076;3
49040179;3740076;1
27258780;3743770;1
5534462;3751170;1
10136288;3751170;1
41041437;3751170;1
51286000;3751170;1
6662121;3794595;1
10230824;3809439;1
14750093;3809439;3
35057144;3809439;1
1964069;3928429;1
34196862;3928429;1
18044400;4012920;1
31677267;4012920;1
14504178;4104924;1
598018;4128208;1
15759311;4128208;1
9809510;4143208;1
18836939;4143208;3
22122362;4143208;2
28472873;4143208;2
40895831;4143208;1
41141105;4143208;3
42103349;4143208;4
45866178;4143208;1
48697957;4143208;1
1964069;4151183;4
38991156;4151183;3
1791959;4265816;1
18116337;4265816;1
28472873;4265816;1
48811338;4265816;1
50502462;4265816;1
13704505;4381090;1
20915824;4381090;1
3159874;4382039;1
16527207;4382039;1
19178325;4382039;3
47041330;4382039;3
49804602;4429074;1
28635641;4518146;1
39988957;4518146;1
29003178;4633414;1
31955594;4633414;1
19693802;4641931;1
30819069;4641931;1
32511540;4641931;2
39331732;4641931;1
8969471;4649772;1
14966817;4649772;1
24640067;4649772;1
29345128;4649772;1
36752911;4649772;1
42766465;4726853;2
11497323;4778297;4
11958649;4778297;1
17317841;4778297;2
27341417;4778297;5
43204348;4778297;1
47923964;4778297;1
48121852;4778297;1
49804602;4778297;2
5556380;4842134;1
7635344;4842134;1
16625972;4842134;1
49687532;4842134;1
14476281;4914576;1
20859835;4914576;1
22371030;4914576;1
26587299;4914576;1
43658252;4914576;1
38231440;5076066;1
43204348;5076066;1
47347399;5076066;1
49804602;5076066;1
12409125;5088948;1
24225986;5088948;2
38529012;5088948;1
41041437;5088948;2
21558751;5155657;1
44972071;5155657;1
41897041;5184126;1
43204348;5184126;1
49804602;5184126;1
7969033;5206860;1
30803403;5206860;1
34646023;5206860;1
41041437;5206860;1
13112915;5252009;1
14600871;5252009;1
47838292;5292666;1
33326481;5326718;1
87304;5431000;1
10843591;5431000;1
12498238;5431000;1
15405165;5431000;1
44414570;5431000;1
6136225;5437202;1
7047261;5437202;1
7088878;5437202;1
13891528;5437202;1
26985784;5437202;1
42012841;5437202;1
42562048;5437202;1
48503861;5437202;1
49120002;5437202;1
814018;5534462;2
3751170;5534462;1
10136288;5534462;3
20751850;5534462;1
40132305;5534462;1
41041437;5534462;5
51286000;5534462;1
37481288;5542836;4
4842134;5556380;1
49687532;5556380;1
15019363;5863880;1
48243429;5863880;2
3099406;5885514;2
6371474;5885514;1
19452145;5885514;3
25642450;5885514;1
31965149;5885514;1
33262379;5885514;1
35461633;5885514;3
39758190;5885514;1
42761296;5885514;3
3410832;6050550;3
7545493;6050550;1
8098780;6050550;1
32275860;6050550;2
32804293;6050550;1
35196705;6050550;1
41041437;6050550;1
42611150;6050550;1
5437202;6136225;1
7047261;6136225;2
7088878;6136225;1
13891528;6136225;1
26985784;6136225;1
42012841;6136225;1
42126767;6136225;1
42562048;6136225;1
48503861;6136225;1
49120002;6136225;2
8014871;6194746;1
10365531;6194746;1
12100688;6194746;1
19311742;6194746;1
23254357;6194746;1
36230764;6194746;1
43581697;6194746;1
47814375;6194746;1
15565627;6210815;1
16949651;6210815;1
20894082;6220523;1
24575966;6220523;8
27341417;6220523;3
29211362;6220523;1
38022562;6220523;1
48121852;6220523;1
31375060;6227121;1
36535296;6227121;1
37508293;6227121;1
41041437;6227121;1
41891244;6227121;1
42372900;6227121;1
50472272;6227121;1
22977241;6275844;1
36597913;6275844;1
10843591;6307652;1
15217753;6307652;1
26907065;6307652;1
32104971;6307652;1
34464951;6307652;1
38019649;6307652;1
48407701;6307652;1
3099406;6371474;1
5885514;6371474;1
19391288;6371474;1
19452145;6371474;1
35461633;6371474;5
42761296;6371474;1
49956797;6371474;1
6647301;6480333;1
17317841;6480333;1
51499432;6480333;1
2174139;6518850;1
7847672;6518850;2
32853064;6518850;2
41918777;6518850;1
44509491;6518850;2
46379742;6518850;2
7847213;6557623;1
19122405;6557623;1
20915160;6557623;1
27770935;6557623;1
29132348;6557623;1
30891085;6557623;2
33642640;6557623;1
48066140;6557623;1
8830438;6617726;1
19093609;6617726;1
19109311;6617726;1
29214081;6617726;1
42552060;6617726;1
45953173;6617726;1
297772;6617744;1
8239199;6617744;1
17227606;6617744;1
34918066;6617744;1
1149569;6647301;8
3563111;6647301;1
3740076;6647301;1
6480333;6647301;1
11958649;6647301;1
12169030;6647301;1
12876959;6647301;1
17317841;6647301;1
21325318;6647301;1
26503031;6647301;1
27341417;6647301;10
30490622;6647301;1
37607456;6647301;7
40202553;6647301;3
42106463;6647301;1
44990825;6647301;1
51499432;6647301;13
3794595;6662121;1
24513976;6732749;1
7039531;6788652;1
8758659;6788652;1
14099874;6788652;1
15174543;6788652;1
36402444;6788652;1
46004250;6788652;1
23045667;6822124;7
27374049;6822124;1
28472873;6822124;4
2660483;6835359;1
9557261;6835359;1
13246097;6835359;1
26041806;6835359;2
28469491;6835359;1
28105102;6897220;9
32986714;6897220;1
35461633;6897220;9
38231440;6897220;1
43731441;6897220;1
45516835;6897220;4
33023652;6911773;2
6788652;7039531;1
8758659;7039531;1
14099874;7039531;1
15174543;7039531;1
36402444;7039531;1
46004250;7039531;1
5437202;7047261;1
6136225;7047261;2
7088878;7047261;1
13891528;7047261;1
26985784;7047261;1
42012841;7047261;1
42126767;7047261;1
42562048;7047261;1
48503861;7047261;1
49120002;7047261;2
5437202;7088878;1
6136225;7088878;1
7047261;7088878;1
13891528;7088878;1
26985784;7088878;1
42012841;7088878;1
42562048;7088878;1
48503861;7088878;1
49120002;7088878;1
31990531;7107233;4
32687497;7107233;1
34184386;7107233;2
35601791;7107233;1
39988957;7107233;4
48432086;7107233;1
20435115;7129942;1
24575966;7129942;1
3099406;7134753;1
12093333;7134753;1
20066160;7445447;1
31237542;7445447;1
15759311;7504402;1
7847213;7513974;1
20915160;7513974;1
27770935;7513974;1
33642640;7513974;1
3410832;7545493;3
6050550;7545493;1
8098780;7545493;1
31587716;7545493;2
32275860;7545493;1
32804293;7545493;1
29211362;7561968;1
14423923;7594511;1
18665402;7594511;7
21494166;7594511;1
23045123;7594511;1
27699036;7594511;3
45833557;7594511;3
12100688;7598474;8
15646529;7598474;1
25706166;7598474;1
46602081;7598474;3
46790804;7598474;7
48726014;7598474;1
13705038;7603397;1
44479017;7603397;1
49667549;7603397;1
4842134;7635344;1
16625972;7635344;1
43204348;7636146;1
1791959;7665956;2
8745592;7665956;1
30084098;7665956;2
33072551;7665956;2
40972778;7665956;1
612732;7847213;1
1010450;7847213;3
6557623;7847213;1
7513974;7847213;1
9657725;7847213;2
10843591;7847213;2
11840652;7847213;1
12100688;7847213;13
12498238;7847213;1
16010940;7847213;2
17687800;7847213;2
17709220;7847213;1
19122405;7847213;19
19307792;7847213;1
19882354;7847213;3
20915160;7847213;9
25588388;7847213;2
25706166;7847213;8
27770935;7847213;8
30891085;7847213;1
31484037;7847213;12
33642640;7847213;9
34074374;7847213;1
34982892;7847213;2
35386223;7847213;5
39453798;7847213;1
43204348;7847213;1
43276008;7847213;1
43383961;7847213;3
46268944;7847213;5
46602081;7847213;9
48066140;7847213;2
51085575;7847213;17
1051796;7847672;3
2174139;7847672;1
3379361;7847672;3
6518850;7847672;2
12391891;7847672;3
25483199;7847672;3
32853064;7847672;2
41918777;7847672;1
44509491;7847672;2
46337908;7847672;2
46379742;7847672;2
50961064;7847672;1
1791959;7854486;1
30084098;7854486;1
45096299;7854486;1
49392368;7854486;1
488820;7969033;1
5206860;7969033;1
8646924;7969033;1
17901713;7969033;2
18045946;7969033;1
25225350;7969033;1
27797291;7969033;1
30797738;7969033;1
30801311;7969033;1
30803403;7969033;1
31519216;7969033;3
34646023;7969033;2
35163026;7969033;3
35603451;7969033;1
39943633;7969033;3
41041437;7969033;2
47422165;7969033;1
48584251;7969033;3
50472272;7969033;2
6194746;8014871;1
9756125;8014871;5
10038459;8014871;3
10365531;8014871;1
10591688;8014871;1
12100688;8014871;3
14827273;8014871;1
17977947;8014871;2
19311742;8014871;1
20079192;8014871;1
20478332;8014871;1
23121689;8014871;1
23254357;8014871;1
28482485;8014871;3
30802149;8014871;1
31029316;8014871;2
34348001;8014871;2
36230764;8014871;1
41462525;8014871;1
43353706;8014871;8
43581697;8014871;1
43848023;8014871;7
45300596;8014871;6
47814375;8014871;1
3410832;8098780;2
6050550;8098780;1
7545493;8098780;1
32275860;8098780;2
32804293;8098780;2
50724152;8098780;1
21577092;8208496;1
35461633;8208496;1
35665306;8208496;1
43912302;8212399;1
45323422;8212399;1
297772;8239199;1
6617744;8239199;1
17227606;8239199;1
34918066;8239199;1
2580732;8268010;1
8379715;8268010;1
25995175;8268010;1
34235948;8268010;1
35534987;8268010;1
805693;8294253;1
14055009;8294253;1
23465562;8294253;1
28579913;8294253;2
43525927;8294253;1
11056427;8312560;1
38231440;8312560;1
2580732;8379715;1
8268010;8379715;1
25995175;8379715;1
34235948;8379715;1
35534987;8379715;1
27639999;8448018;1
27756947;8448018;1
1051796;8564538;1
49804602;8564538;1
779669;8620269;1
16020022;8620269;1
22963313;8620269;1
30980087;8620269;1
33764775;8620269;1
43912302;8620269;1
18159922;8637313;1
17477817;8645676;1
23860647;8645676;1
24284991;8645676;1
34646023;8645676;1
41041437;8645676;2
488820;8646924;1
7969033;8646924;1
25225350;8646924;1
31519216;8646924;1
35163026;8646924;1
50472272;8646924;1
495734;8646925;1
9516648;8646925;1
23890225;8646925;1
44984729;8646925;1
23605082;8658600;1
35461633;8658600;1
42761296;8658600;1
1791959;8745592;1
7665956;8745592;1
30084098;8745592;1
33072551;8745592;1
6788652;8758659;1
7039531;8758659;1
14099874;8758659;1
15174543;8758659;2
36402444;8758659;1
46004250;8758659;1
6617726;8830438;1
19093609;8830438;1
19109311;8830438;1
29214081;8830438;1
42552060;8830438;1
45953173;8830438;1
21577092;8839888;1
23522193;8839888;1
30168359;8839888;1
35665306;8839888;1
11525444;8924600;2
24099713;8924600;2
4649772;8969471;1
29345128;8969471;1
36752911;8969471;1
30821579;9026626;1
37074412;9026626;1
43581697;9026626;1
30821579;9048776;1
37074412;9048776;1
43581697;9048776;1
14128191;9071613;1
15997915;9071613;1
21750793;9124724;4
31536734;9124724;4
41596314;9124724;1
9358508;9155250;1
16316013;9155250;4
20466784;9155250;1
43972767;9155250;1
41041437;9252658;1
13364635;9354408;1
28992487;9354408;1
9155250;9358508;1
16316013;9358508;1
43972767;9358508;1
30868637;9379907;1
31536734;9379907;1
15542924;9423794;2
26287660;9423794;1
34542243;9423794;1
37736856;9423794;1
38019649;9423794;9
495734;9516648;1
8646925;9516648;1
23890225;9516648;1
44984729;9516648;1
598018;9557261;3
1535769;9557261;1
2660483;9557261;1
2721613;9557261;2
6835359;9557261;1
11487785;9557261;1
12734636;9557261;1
13246097;9557261;1
16441789;9557261;1
17105782;9557261;1
19517070;9557261;1
20156323;9557261;2
26041806;9557261;1
28469491;9557261;1
31259881;9557261;1
35861256;9557261;1
42452854;9557261;1
50246434;9557261;1
10843591;9574144;1
11567456;9574144;1
22856358;9574144;5
26112590;9574144;1
26626573;9574144;1
27201749;9574144;6
27341417;9595364;1
44183907;9595364;1
7847213;9657725;2
10170758;9657725;1
10843591;9657725;6
11461291;9657725;2
11840652;9657725;1
12498238;9657725;4
12663027;9657725;2
16182999;9657725;1
19307792;9657725;1
21694735;9657725;1
21700594;9657725;1
30225958;9657725;1
33440320;9657725;1
37273577;9657725;1
38019649;9657725;2
39453798;9657725;1
46268944;9657725;2
47531681;9657725;2
8014871;9756125;5
21577092;9791853;1
24575966;9791853;1
28472873;9797792;1
40895831;9797792;1
42103349;9797792;1
4143208;9809510;1
18836939;9809510;1
28472873;9809510;1
40895831;9809510;1
41141105;9809510;1
42103349;9809510;1
45866178;9809510;1
48697957;9809510;1
8014871;10038459;3
23121689;10038459;1
41462525;10038459;1
43848023;10038459;1
45300596;10038459;1
779196;10095812;1
21558751;10095812;1
44972071;10095812;1
814018;10136288;2
3751170;10136288;1
5534462;10136288;3
40132305;10136288;1
41041437;10136288;3
51286000;10136288;1
14884926;10137301;4
15642184;10137301;5
38362368;10137301;2
9657725;10170758;1
30225958;10170758;1
33440320;10170758;1
17681436;10173117;1
18883289;10204755;1
34170273;10204755;1
48084433;10204755;1
3809439;10230824;1
14750093;10230824;4
35057144;10230824;1
43867070;10230824;1
12392841;10361078;1
6194746;10365531;1
8014871;10365531;1
12100688;10365531;1
19311742;10365531;1
23254357;10365531;1
36230764;10365531;1
43581697;10365531;1
47814375;10365531;1
1600218;10471826;2
15759747;10471826;1
17452215;10471826;5
33326481;10471826;3
35461633;10471826;1
38736775;10471826;1
13004190;10590869;2
22371030;10590869;2
26587299;10590869;2
30980088;10590869;1
41571458;10590869;1
8014871;10591688;1
12100688;10591688;1
34348001;10591688;1
43353706;10591688;1
23465562;10631401;1
27341417;10631401;1
87304;10843591;1
5431000;10843591;1
6307652;10843591;1
7847213;10843591;2
9574144;10843591;1
9657725;10843591;6
11461291;10843591;3
11840652;10843591;1
12100688;10843591;1
12498238;10843591;4
12605870;10843591;1
15217753;10843591;1
15405165;10843591;1
16182999;10843591;1
19307792;10843591;2
21694735;10843591;1
21700594;10843591;1
22856358;10843591;1
26626573;10843591;1
26907065;10843591;1
27201749;10843591;2
32104971;10843591;1
34464951;10843591;1
37273577;10843591;3
38019649;10843591;4
39453798;10843591;2
42552063;10843591;1
44414570;10843591;1
46268944;10843591;2
48407701;10843591;1
48932102;10843591;1
969535;10843593;1
13100230;10843593;1
43564204;10843593;1
1964069;10957621;1
48819557;10980695;1
17565529;10988421;3
8312560;11056427;1
38231440;11056427;1
16918264;11078826;1
23522193;11078826;1
31466272;11078826;1
40783664;11078826;1
1434983;11110297;1
17861922;11110297;1
18473715;11110297;1
28903312;11110297;3
29554109;11110297;1
31692725;11110297;4
35325665;11110297;2
39380681;11110297;1
48757934;11110297;1
50496110;11110297;1
51272842;11110297;1
749127;11146971;1
1023857;11146971;1
18939563;11146971;1
15563742;11196078;1
41906787;11196078;1
27341417;11222493;2
37607456;11222493;2
9657725;11461291;2
10843591;11461291;3
16182999;11461291;1
21694735;11461291;1
21700594;11461291;1
37273577;11461291;2
38019649;11461291;3
42552063;11461291;1
48932102;11461291;1
598018;11487785;1
9557261;11487785;1
19517070;11487785;1
42452854;11487785;1
4778297;11497323;4
11958649;11497323;1
17223604;11497323;2
18892175;11497323;1
27341417;11497323;16
31206330;11497323;1
37773920;11497323;4
47347399;11497323;1
48121852;11497323;5
1791959;11516994;3
3039442;11516994;1
12860515;11516994;1
13723858;11516994;1
22195484;11516994;2
25794676;11516994;2
30084098;11516994;3
31181459;11516994;1
33072551;11516994;1
44522359;11516994;2
48811338;11516994;1
50502462;11516994;1
8924600;11525444;2
24099713;11525444;2
9574144;11567456;1
22856358;11567456;1
27201749;11567456;1
44157686;11646672;2
31040298;11657548;1
42761296;11657548;1
7847213;11840652;1
9657725;11840652;1
10843591;11840652;1
19307792;11840652;1
39453798;11840652;1
46268944;11840652;1
19098157;11887013;1
43328035;11887013;1
3740076;11958649;1
4778297;11958649;1
6647301;11958649;1
11497323;11958649;1
27341417;11958649;2
37607456;11958649;2
44990825;11958649;1
50878575;11958649;1
51499432;11958649;1
34646023;11969916;1
41041437;11969916;1
19178325;11972142;1
19195734;11972142;5
27980307;11972142;1
44970306;11972142;1
47041330;11972142;1
1478446;12093333;5
1867853;12093333;1
2263878;12093333;1
3099406;12093333;7
7134753;12093333;1
12942755;12093333;1
15615771;12093333;1
17003946;12093333;2
17052533;12093333;1
19307225;12093333;1
19620098;12093333;2
20356823;12093333;4
20720471;12093333;2
21317769;12093333;1
24062002;12093333;1
25632025;12093333;3
26371071;12093333;1
30198941;12093333;4
30611292;12093333;13
32594078;12093333;1
35461633;12093333;1
36399344;12093333;1
37447810;12093333;2
37694882;12093333;1
39141747;12093333;1
40994916;12093333;5
42761296;12093333;1
45336842;12093333;1
48429558;12093333;1
1010450;12100688;6
2479649;12100688;1
6194746;12100688;1
7598474;12100688;8
7847213;12100688;13
8014871;12100688;3
10365531;12100688;1
10591688;12100688;1
10843591;12100688;1
12605870;12100688;1
14485170;12100688;1
15646529;12100688;1
19122405;12100688;1
19311742;12100688;1
19882354;12100688;6
20915160;12100688;2
23254357;12100688;1
25706166;12100688;17
26098778;12100688;4
27770935;12100688;2
28555855;12100688;1
30891085;12100688;4
33642640;12100688;2
34348001;12100688;1
34982892;12100688;7
36230764;12100688;3
37273577;12100688;1
37926710;12100688;1
43353706;12100688;1
43383961;12100688;4
43581697;12100688;1
44904659;12100688;1
46044303;12100688;4
46602081;12100688;20
46790804;12100688;8
47814375;12100688;1
48066140;12100688;1
48726014;12100688;1
32787573;12107290;2
37607456;12107290;2
41936365;12107290;2
50577583;12107290;1
19178325;12112459;1
47041330;12112459;1
2581430;12169030;1
6647301;12169030;1
18519235;12169030;1
21325318;12169030;1
23522193;12169030;1
24062002;12169030;1
25369911;12169030;1
28975122;12169030;1
31965149;12169030;1
32762861;12169030;1
32986714;12169030;2
35461633;12169030;1
35665306;12169030;4
43337026;12169030;1
47288421;12169030;2
2382511;12223530;1
23465562;12223530;1
17655386;12238123;1
13794609;12355852;1
17452215;12355852;1
25594480;12355852;1
42842598;12355852;1
13404745;12368144;1
25499637;12368144;1
1051796;12391891;5
3379361;12391891;4
7847672;12391891;3
25483199;12391891;5
25546605;12391891;1
46337908;12391891;2
50961064;12391891;2
10361078;12392841;1
5088948;12409125;1
24225986;12409125;1
38529012;12409125;1
41041437;12409125;1
87304;12498238;1
5431000;12498238;1
7847213;12498238;1
9657725;12498238;4
10843591;12498238;4
15405165;12498238;1
44414570;12498238;1
46268944;12498238;1
10843591;12605870;1
12100688;12605870;1
37273577;12605870;1
9657725;12663027;2
47531681;12663027;2
19391288;12691945;3
21577092;12691945;1
23522193;12691945;1
27667334;12691945;1
32712961;12691945;1
35461633;12691945;1
41436222;12691945;1
44316746;12691945;1
49065650;12691945;1
9557261;12734636;1
16441789;12734636;1
17105782;12734636;1
31259881;12734636;1
35861256;12734636;1
50246434;12734636;1
35665306;12774287;1
15445615;12832681;2
27341417;12832681;1
37607456;12832681;2
49827539;12832681;1
50878575;12832681;1
1791959;12860515;1
11516994;12860515;1
13723858;12860515;1
22195484;12860515;1
25794676;12860515;1
30084098;12860515;1
44522359;12860515;1
6647301;12876959;1
37607456;12876959;1
44990825;12876959;1
51499432;12876959;1
12093333;12942755;1
30611292;12942755;1
35461633;12942755;1
42761296;12942755;1
10590869;13004190;2
22371030;13004190;2
26587299;13004190;3
30980088;13004190;1
41571458;13004190;2
969535;13100230;3
10843593;13100230;1
15405165;13100230;1
31130137;13100230;2
38019649;13100230;1
40641734;13100230;1
43564204;13100230;3
823759;13112915;2
969535;13112915;3
5252009;13112915;1
14600871;13112915;12
14926442;13112915;2
14929638;13112915;6
18473715;13112915;5
23976033;13112915;2
28187182;13112915;5
31984723;13112915;1
36030110;13112915;5
38019649;13112915;3
17408954;13238063;1
21577092;13238063;1
24015095;13238063;1
33196580;13238063;1
43645248;13238063;1
2660483;13246097;1
6835359;13246097;1
9557261;13246097;1
26041806;13246097;1
28469491;13246097;1
47840748;13261119;1
9354408;13364635;1
28992487;13364635;1
12368144;13404745;1
25499637;13404745;1
43379801;13404745;1
17952058;13536223;1
23485335;13536223;1
23916162;13536223;1
43204348;13536223;1
49804602;13536223;1
17835781;13589104;3
28241864;13589104;2
31400609;13589104;1
42103349;13589104;4
47041330;13589104;1
47347399;13589104;1
3740076;13653577;1
1404557;13675907;2
3056605;13675907;1
14476281;13675907;2
20859835;13675907;4
22371030;13675907;5
26587299;13675907;5
32548567;13675907;1
37298966;13675907;1
40241868;13675907;1
41571458;13675907;6
41720858;13675907;1
42031685;13675907;1
43658252;13675907;3
47058525;13675907;1
46982903;13684250;1
4381090;13704505;1
20915824;13704505;1
7603397;13705038;1
44479017;13705038;1
1791959;13723858;1
11516994;13723858;1
12860515;13723858;1
22195484;13723858;1
25794676;13723858;1
30084098;13723858;1
44522359;13723858;1
17203457;13765732;1
33108070;13765732;1
12355852;13794609;1
17452215;13794609;4
25594480;13794609;5
34186742;13794609;2
42526406;13794609;1
42842598;13794609;1
43204348;13794609;1
5437202;13891528;1
6136225;13891528;1
7047261;13891528;1
7088878;13891528;1
26985784;13891528;1
42012841;13891528;1
42562048;13891528;1
48503861;13891528;1
49120002;13891528;1
33450475;13935355;1
805693;14055009;1
8294253;14055009;1
28579913;14055009;1
43525927;14055009;1
19245004;14061699;1
6788652;14099874;1
7039531;14099874;1
8758659;14099874;1
15174543;14099874;1
36402444;14099874;1
46004250;14099874;1
9071613;14128191;1
15997915;14128191;1
7594511;14423923;1
18665402;14423923;1
45833557;14423923;1
4914576;14476281;1
13675907;14476281;2
20859835;14476281;4
22371030;14476281;4
23945305;14476281;1
26587299;14476281;3
33072551;14476281;1
41571458;14476281;2
43658252;14476281;4
1010450;14485170;1
12100688;14485170;1
19882354;14485170;1
25706166;14485170;1
34982892;14485170;1
43383961;14485170;1
4104924;14504178;1
2558746;14582031;1
43972767;14582031;1
40525737;14589606;1
823759;14600871;2
969535;14600871;3
5252009;14600871;1
13112915;14600871;12
14926442;14600871;1
14929638;14600871;4
18473715;14600871;4
23976033;14600871;2
28187182;14600871;5
36030110;14600871;4
38019649;14600871;3
3642687;14696334;1
17871960;14696334;1
3809439;14750093;3
10230824;14750093;4
25875404;14750093;1
35057144;14750093;1
43867070;14750093;1
47580210;14750093;1
23045667;14801900;5
28472873;14801900;2
45446379;14801900;1
48028793;14801900;1
8014871;14827273;1
43353706;14827273;1
10137301;14884926;4
15642184;14884926;3
38362368;14884926;2
969535;14926442;1
13112915;14926442;2
14600871;14926442;1
18473715;14926442;1
28187182;14926442;1
31984723;14926442;1
36030110;14926442;1
38019649;14926442;1
969535;14929638;1
13112915;14929638;6
14600871;14929638;4
18473715;14929638;2
28187182;14929638;1
36030110;14929638;2
38019649;14929638;1
33465457;14949439;1
4649772;14966817;1
24640067;14966817;1
5863880;15019363;1
48243429;15019363;1
21852694;15022798;1
22977241;15022798;2
33827967;15022798;1
36597913;15022798;1
50993866;15022798;1
6788652;15174543;1
7039531;15174543;1
8758659;15174543;2
14099874;15174543;1
36402444;15174543;1
46004250;15174543;1
16537206;15193316;1
21577092;15193316;3
22660016;15193316;1
24575966;15193316;1
26280585;15193316;1
32986714;15193316;1
35461633;15193316;4
35665306;15193316;1
38231440;15193316;1
44669941;15193316;1
45380624;15193316;1
49804602;15193316;1
6307652;15217753;1
10843591;15217753;1
26907065;15217753;1
32104971;15217753;1
34464951;15217753;1
38019649;15217753;1
48407701;15217753;1
17493782;15360471;1
19391288;15360471;1
27341417;15360471;1
40995280;15360471;1
46889353;15360471;1
87304;15405165;1
969535;15405165;1
5431000;15405165;1
10843591;15405165;1
12498238;15405165;1
13100230;15405165;1
18714385;15405165;1
31130137;15405165;2
43564204;15405165;1
44414570;15405165;1
12832681;15445615;2
37607456;15445615;1
17053346;15522659;1
22419579;15522659;1
47401510;15522659;1
9423794;15542924;2
26287660;15542924;1
37736856;15542924;1
38019649;15542924;4
11196078;15563742;1
41906787;15563742;1
6210815;15565627;1
16949651;15565627;1
969535;15573442;1
27300204;15573442;1
47259127;15573442;1
12093333;15615771;1
2391509;15642184;1
10137301;15642184;5
14884926;15642184;3
17835781;15642184;5
20510754;15642184;1
37803051;15642184;1
38362368;15642184;2
40864903;15642184;1
23568907;15644769;1
36276371;15644769;1
7598474;15646529;1
12100688;15646529;1
46602081;15646529;1
46790804;15646529;1
598018;15759311;1
4128208;15759311;1
7504402;15759311;1
10471826;15759747;1
17452215;15759747;1
33326481;15759747;1
38736775;15759747;1
3212044;15836872;1
17105782;15836872;1
31259881;15836872;1
43972767;15979128;1
44327921;15979128;1
45557990;15979128;1
9071613;15997915;1
14128191;15997915;1
7847213;16010940;2
19122405;16010940;3
51085575;16010940;1
779669;16020022;1
8620269;16020022;1
22963313;16020022;1
30980087;16020022;1
33764775;16020022;1
43912302;16020022;1
35321734;16091917;1
40801457;16091917;1
9657725;16182999;1
10843591;16182999;1
11461291;16182999;1
21694735;16182999;1
37273577;16182999;1
38019649;16182999;1
9155250;16316013;4
9358508;16316013;1
20466784;16316013;1
43972767;16316013;1
9557261;16441789;1
12734636;16441789;1
17105782;16441789;2
18124705;16441789;1
24916133;16441789;3
31259881;16441789;2
33112881;16441789;3
35861256;16441789;2
44525350;16441789;1
50246434;16441789;1
51565162;16441789;1
28105102;16468670;1
31040298;16468670;1
32986714;16468670;1
35461633;16468670;4
42761296;16468670;4
20760547;16469381;1
47041330;16469381;1
1285728;16527207;2
4382039;16527207;1
19178325;16527207;6
47041330;16527207;4
49627214;16527207;1
28282359;16533061;1
15193316;16537206;1
22660016;16537206;1
38231440;16537206;1
43204348;16537206;2
49804602;16537206;3
22579401;16549686;1
4842134;16625972;1
7635344;16625972;1
928220;16652969;1
42761298;16652969;1
22130966;16660939;1
26183517;16660939;1
27374049;16660939;3
28472873;16660939;17
40895831;16660939;1
42103349;16660939;1
44993617;16660939;2
48811338;16660939;3
3327157;16730170;1
11078826;16918264;1
23522193;16918264;1
31466272;16918264;1
40783664;16918264;1
6210815;16949651;1
15565627;16949651;1
31040298;16968071;1
32474303;16968071;1
35461633;16968071;1
42761296;16968071;1
35276713;16998791;1
12093333;17003946;2
19620098;17003946;2
39396712;17018462;1
47576898;17018462;1
12093333;17052533;1
15522659;17053346;1
3212044;17105782;1
9557261;17105782;1
12734636;17105782;1
15836872;17105782;1
16441789;17105782;2
18124705;17105782;1
26718769;17105782;1
31259881;17105782;4
35861256;17105782;2
44525350;17105782;1
50246434;17105782;1
13765732;17203457;1
33108070;17203457;1
11497323;17223604;2
297772;17227606;1
6617744;17227606;1
8239199;17227606;1
34918066;17227606;1
4778297;17317841;2
6480333;17317841;1
6647301;17317841;1
51499432;17317841;1
33827967;17351434;1
13238063;17408954;1
21577092;17408954;1
24015095;17408954;1
33196580;17408954;1
43645248;17408954;1
1600218;17452215;3
3159874;17452215;2
10471826;17452215;5
12355852;17452215;1
13794609;17452215;4
15759747;17452215;1
19104480;17452215;1
20006401;17452215;2
22122362;17452215;1
23485335;17452215;1
23916162;17452215;1
24097587;17452215;1
25594480;17452215;6
29211362;17452215;2
31007190;17452215;1
33326481;17452215;5
34186742;17452215;1
35461633;17452215;3
37116603;17452215;1
38231440;17452215;4
38676668;17452215;2
38736775;17452215;1
42103349;17452215;1
42526406;17452215;1
42842598;17452215;1
43204348;17452215;2
47923964;17452215;1
49804602;17452215;5
8645676;17477817;1
23860647;17477817;1
24284991;17477817;1
41041437;17477817;1
15360471;17493782;1
19391288;17493782;1
27341417;17493782;1
40995280;17493782;1
46889353;17493782;1
10988421;17565529;3
18939563;17614638;2
12238123;17655386;1
10173117;17681436;1
7847213;17687800;2
31484037;17687800;1
35386223;17687800;1
7847213;17709220;1
31484037;17709220;1
51085575;17709220;1
1296328;17835781;1
13589104;17835781;3
15642184;17835781;5
19178325;17835781;1
19195734;17835781;6
25360679;17835781;6
28241864;17835781;1
31400609;17835781;8
33326481;17835781;1
42103349;17835781;8
43204348;17835781;1
45138641;17835781;1
47041330;17835781;9
47347399;17835781;1
11110297;17861922;1
18473715;17861922;1
28903312;17861922;1
3642687;17871960;1
14696334;17871960;1
7969033;17901713;2
30797738;17901713;1
30801311;17901713;1
34646023;17901713;1
41041437;17901713;1
13536223;17952058;1
23485335;17952058;1
23916162;17952058;1
43204348;17952058;1
49804602;17952058;1
8014871;17977947;2
28482485;17977947;2
4012920;18044400;1
28328137;18044400;1
28982951;18044400;1
31677267;18044400;1
7969033;18045946;1
31519216;18045946;1
35163026;18045946;1
35603451;18045946;1
18836939;18113215;1
22122362;18113215;1
33326481;18113215;1
1791959;18116337;2
4265816;18116337;1
27237804;18116337;1
28472873;18116337;4
48811338;18116337;4
50502462;18116337;2
25979463;18117183;1
35461633;18117183;1
46889353;18117183;1
16441789;18124705;1
17105782;18124705;1
31259881;18124705;1
35861256;18124705;1
44525350;18124705;1
8637313;18159922;1
34855476;18287996;1
969535;18473715;3
11110297;18473715;1
13112915;18473715;5
14600871;18473715;4
14926442;18473715;1
14929638;18473715;2
17861922;18473715;1
19729073;18473715;1
20757944;18473715;1
28187182;18473715;4
28903312;18473715;1
33874066;18473715;2
34170273;18473715;1
34962938;18473715;1
36030110;18473715;15
38019649;18473715;4
39331732;18473715;1
45753621;18473715;2
46451245;18473715;1
47066331;18473715;3
48084433;18473715;2
12169030;18519235;1
25369911;18519235;1
28975122;18519235;1
7594511;18665402;7
14423923;18665402;1
23045123;18665402;1
27699036;18665402;3
45833557;18665402;3
33465457;18692874;1
43521526;18692874;1
15405165;18714385;1
31130137;18714385;1
4143208;18836939;3
9809510;18836939;1
18113215;18836939;1
22122362;18836939;3
28472873;18836939;2
40895831;18836939;1
41141105;18836939;3
42103349;18836939;3
45866178;18836939;1
48697957;18836939;1
10204755;18883289;1
34170273;18883289;1
48084433;18883289;1
32511540;18883330;1
48084433;18883330;1
11497323;18892175;1
27341417;18892175;1
749127;18939563;1
1023857;18939563;1
11146971;18939563;1
17614638;18939563;2
31561244;19087894;1
6617726;19093609;1
8830438;19093609;1
19109311;19093609;1
29214081;19093609;1
42552060;19093609;1
45953173;19093609;1
11887013;19098157;1
43328035;19098157;4
17452215;19104480;1
43204348;19104480;1
49804602;19104480;1
6617726;19109311;1
8830438;19109311;1
19093609;19109311;1
29214081;19109311;1
42552060;19109311;1
45953173;19109311;1
6557623;19122405;1
7847213;19122405;19
12100688;19122405;1
16010940;19122405;3
20915160;19122405;5
25588388;19122405;1
27770935;19122405;4
30891085;19122405;1
31484037;19122405;2
33642640;19122405;4
34982892;19122405;1
35386223;19122405;3
46268944;19122405;2
48066140;19122405;1
51085575;19122405;7
22371030;19147149;1
26587299;19147149;1
45557989;19173688;1
34452438;19174214;1
47531681;19174214;1
1285728;19178325;3
3159874;19178325;1
4382039;19178325;3
11972142;19178325;1
12112459;19178325;1
16527207;19178325;6
17835781;19178325;1
19195734;19178325;3
24869348;19178325;1
24874482;19178325;1
27980307;19178325;3
29177873;19178325;1
38257079;19178325;1
41290292;19178325;1
41326384;19178325;1
47041330;19178325;18
47347399;19178325;4
49627214;19178325;2
49660852;19178325;1
22188125;19192801;1
33642640;19192801;1
34982892;19192801;1
40659346;19192801;1
43383961;19192801;1
1296328;19195734;1
11972142;19195734;5
17835781;19195734;6
19178325;19195734;3
24869348;19195734;1
24874482;19195734;1
27980307;19195734;1
33326481;19195734;1
42103349;19195734;2
43204348;19195734;1
44970306;19195734;1
47041330;19195734;3
22076760;19236008;1
14061699;19245004;1
29211362;19263249;2
12093333;19307225;1
37447810;19307225;1
7847213;19307792;1
9657725;19307792;1
10843591;19307792;2
11840652;19307792;1
39453798;19307792;2
46268944;19307792;1
6194746;19311742;1
8014871;19311742;1
10365531;19311742;1
12100688;19311742;1
23254357;19311742;1
36230764;19311742;1
43581697;19311742;1
47814375;19311742;1
6371474;19391288;1
12691945;19391288;3
15360471;19391288;1
17493782;19391288;1
21577092;19391288;1
23522193;19391288;1
27341417;19391288;2
27667334;19391288;1
32712961;19391288;1
35461633;19391288;2
40995280;19391288;1
41436222;19391288;1
44316746;19391288;1
46889353;19391288;1
49065650;19391288;1
3099406;19452145;3
5885514;19452145;3
6371474;19452145;1
25642450;19452145;1
31965149;19452145;1
33262379;19452145;1
35461633;19452145;4
39758190;19452145;1
42761296;19452145;4
598018;19517070;1
9557261;19517070;1
11487785;19517070;1
42452854;19517070;1
12093333;19620098;2
17003946;19620098;2
38025762;19622427;1
41805379;19622427;1
709049;19679953;1
35461633;19679953;3
36521394;19679953;1
42761296;19679953;4
4641931;19693802;1
30819069;19693802;4
32511540;19693802;4
31375060;19719196;1
36535296;19719196;1
41041437;19719196;3
18473715;19729073;1
34962938;19729073;1
46451245;19729073;1
48084433;19729073;1
33528496;19774952;1
43328035;19774952;1
43328035;19777657;1
27237804;19794923;1
28472873;19794923;1
43328035;19794923;1
48811338;19794923;1
1010450;19882354;6
7847213;19882354;3
12100688;19882354;6
14485170;19882354;1
25706166;19882354;1
34982892;19882354;1
43383961;19882354;4
17452215;20006401;2
29211362;20006401;2
35461633;20006401;1
38231440;20006401;2
38231440;20060029;1
7445447;20066160;1
29351126;20066160;1
31237542;20066160;1
8014871;20079192;1
22803072;20123127;1
41678860;20123127;1
42996937;20123127;1
45003842;20126766;3
598018;20156323;2
2721613;20156323;2
9557261;20156323;2
1478446;20356823;1
12093333;20356823;4
25632025;20356823;3
30198941;20356823;1
30611292;20356823;3
40994916;20356823;1
7129942;20435115;1
24575966;20435115;1
27341417;20435115;3
37515435;20435115;3
37607456;20435115;2
37750976;20435115;1
9155250;20466784;1
16316013;20466784;1
8014871;20478332;1
43353706;20478332;1
15642184;20510754;1
12093333;20720471;2
37447810;20720471;1
5534462;20751850;1
41041437;20751850;1
18473715;20757944;1
36030110;20757944;1
45753621;20757944;1
1176303;20760547;1
16469381;20760547;1
21831517;20760547;1
47041330;20760547;2
4914576;20859835;1
13675907;20859835;4
14476281;20859835;4
22371030;20859835;6
23945305;20859835;1
26587299;20859835;5
32548567;20859835;1
33072551;20859835;1
37298966;20859835;1
41571458;20859835;4
43658252;20859835;5
6220523;20894082;1
24575966;20894082;1
6557623;20915160;1
7513974;20915160;1
7847213;20915160;9
12100688;20915160;2
19122405;20915160;5
27770935;20915160;8
30891085;20915160;1
33642640;20915160;5
34982892;20915160;2
46602081;20915160;1
48066140;20915160;2
4381090;20915824;1
13704505;20915824;1
31817395;21316128;2
48758272;21316128;1
12093333;21317769;1
24062002;21317769;1
30611292;21317769;1
6647301;21325318;1
12169030;21325318;1
979453;21460748;1
41010788;21460748;1
48811338;21461984;1
7594511;21494166;1
779196;21558751;2
5155657;21558751;1
10095812;21558751;1
44972071;21558751;3
2353618;21577092;1
8208496;21577092;1
8839888;21577092;1
9791853;21577092;1
12691945;21577092;1
13238063;21577092;1
15193316;21577092;3
17408954;21577092;1
19391288;21577092;1
23273658;21577092;1
23522193;21577092;2
23841052;21577092;1
24015095;21577092;1
24575966;21577092;2
26280585;21577092;1
28008628;21577092;1
28208783;21577092;6
30168359;21577092;1
31965149;21577092;5
33141408;21577092;1
33196580;21577092;1
35461633;21577092;4
35665306;21577092;6
43645248;21577092;5
24575966;21645128;1
9657725;21694735;1
10843591;21694735;1
11461291;21694735;1
16182999;21694735;1
37273577;21694735;1
38019649;21694735;1
9657725;21700594;1
10843591;21700594;1
11461291;21700594;1
38019649;21700594;1
9124724;21750793;4
31536734;21750793;4
41596314;21750793;1
1176303;21831517;4
20760547;21831517;1
47041330;21831517;2
47974333;21831517;1
51531983;21831517;2
15022798;21852694;1
22977241;21852694;1
50993866;21852694;1
27374049;21937425;1
28472873;21937425;1
40895831;21937425;1
45866178;21937425;1
19236008;22076760;1
36276371;22076760;1
4143208;22122362;2
17452215;22122362;1
18113215;22122362;1
18836939;22122362;3
28472873;22122362;1
31007190;22122362;1
41141105;22122362;2
42103349;22122362;2
49384891;22122362;1
16660939;22130966;1
28472873;22130966;2
48811338;22130966;2
19192801;22188125;1
33642640;22188125;1
34982892;22188125;1
40659346;22188125;1
43383961;22188125;1
1791959;22195484;2
11516994;22195484;2
12860515;22195484;1
13723858;22195484;1
25794676;22195484;2
30084098;22195484;2
44522359;22195484;2
50502462;22195484;1
3056605;22371030;1
4914576;22371030;1
10590869;22371030;2
13004190;22371030;2
13675907;22371030;5
14476281;22371030;4
19147149;22371030;1
20859835;22371030;6
23945305;22371030;1
26587299;22371030;9
30980088;22371030;1
32548567;22371030;1
33072551;22371030;1
37298966;22371030;1
40241868;22371030;1
41571458;22371030;6
41720858;22371030;1
42031685;22371030;1
43658252;22371030;5
15522659;22419579;1
47401510;22419579;1
27790520;22422173;1
23916162;22473487;1
16549686;22579401;1
15193316;22660016;1
16537206;22660016;1
32164124;22660016;1
37803051;22660016;2
38231440;22660016;1
38362368;22660016;3
49804602;22660016;1
20123127;22803072;1
41678860;22803072;1
42996937;22803072;1
9574144;22856358;5
10843591;22856358;1
11567456;22856358;1
27201749;22856358;5
1964069;22905588;2
30868637;22905588;1
43267666;22937325;2
779669;22963313;1
8620269;22963313;1
16020022;22963313;1
30980087;22963313;1
33764775;22963313;1
43912302;22963313;1
6275844;22977241;1
15022798;22977241;2
21852694;22977241;1
28616048;22977241;1
33759324;22977241;2
33827967;22977241;1
35364950;22977241;2
36597913;22977241;9
37136281;22977241;3
45218754;22977241;1
50993866;22977241;1
7594511;23045123;1
18665402;23045123;1
6822124;23045667;7
14801900;23045667;5
27374049;23045667;11
28472873;23045667;16
40824306;23045667;2
45446379;23045667;6
45883129;23045667;1
48028793;23045667;3
8014871;23121689;1
10038459;23121689;1
43848023;23121689;1
45300596;23121689;1
6194746;23254357;1
8014871;23254357;1
10365531;23254357;1
12100688;23254357;1
19311742;23254357;1
36230764;23254357;1
43581697;23254357;1
47814375;23254357;1
21577092;23273658;1
28008628;23273658;1
35665306;23273658;1
351769;23289778;1
26004909;23351445;1
37675890;23351445;1
48084433;23351445;1
2382511;23465562;1
8294253;23465562;1
10631401;23465562;1
12223530;23465562;1
27341417;23465562;1
28579913;23465562;1
46345556;23465571;1
49616897;23465571;1
13536223;23485335;1
17452215;23485335;1
17952058;23485335;1
23916162;23485335;3
37116603;23485335;1
43204348;23485335;2
49804602;23485335;3
8839888;23522193;1
11078826;23522193;1
12169030;23522193;1
12691945;23522193;1
16918264;23522193;1
19391288;23522193;1
21577092;23522193;2
30168359;23522193;1
31466272;23522193;2
31468947;23522193;1
32762861;23522193;1
33326481;23522193;1
35665306;23522193;1
40783664;23522193;1
47288421;23522193;1
15644769;23568907;1
36276371;23568907;1
42741649;23568907;2
45323422;23568907;2
8658600;23605082;1
35461633;23605082;1
42761296;23605082;1
21577092;23841052;1
28208783;23841052;1
35665306;23841052;1
8645676;23860647;1
17477817;23860647;1
24284991;23860647;1
41041437;23860647;1
459957;23863638;1
29003178;23863638;1
495734;23890225;1
8646925;23890225;1
9516648;23890225;1
44984729;23890225;1
13536223;23916162;1
17452215;23916162;1
17952058;23916162;1
22473487;23916162;1
23485335;23916162;3
37116603;23916162;1
43204348;23916162;12
47923964;23916162;1
49804602;23916162;12
14476281;23945305;1
20859835;23945305;1
22371030;23945305;1
33072551;23945305;1
41571458;23945305;1
43658252;23945305;1
13112915;23976033;2
14600871;23976033;2
13238063;24015095;1
17408954;24015095;1
21577092;24015095;1
33196580;24015095;1
43645248;24015095;1
12093333;24062002;1
12169030;24062002;1
21317769;24062002;1
30611292;24062002;1
32986714;24062002;10
35461633;24062002;10
42761296;24062002;1
17452215;24097587;1
8924600;24099713;2
11525444;24099713;2
3740076;24181624;1
27341417;24181624;4
35591080;24181624;1
37515435;24181624;2
37607456;24181624;5
5088948;24225986;2
12409125;24225986;1
38529012;24225986;1
41041437;24225986;2
8645676;24284991;1
17477817;24284991;1
23860647;24284991;1
41041437;24284991;4
6732749;24513976;1
35548656;24531725;1
6220523;24575966;8
7129942;24575966;1
9791853;24575966;1
15193316;24575966;1
20435115;24575966;1
20894082;24575966;1
21577092;24575966;2
21645128;24575966;1
27341417;24575966;3
29211362;24575966;2
35461633;24575966;1
38022562;24575966;1
44970314;24575966;2
48121852;24575966;1
4649772;24640067;1
14966817;24640067;1
19178325;24869348;1
19195734;24869348;1
47041330;24869348;1
19178325;24874482;1
19195734;24874482;1
47041330;24874482;1
16441789;24916133;3
31213045;24916133;1
33112881;24916133;3
51565162;24916133;1
488820;25225350;1
488844;25225350;1
7969033;25225350;1
8646924;25225350;1
31519216;25225350;1
32556083;25225350;1
35163026;25225350;1
42611150;25225350;1
50472272;25225350;1
17835781;25360679;6
31400609;25360679;2
47041330;25360679;4
12169030;25369911;1
18519235;25369911;1
28975122;25369911;1
33800547;25443214;1
34646023;25455715;1
38881784;25455715;1
41041437;25455715;1
1051796;25483199;5
3379361;25483199;4
7847672;25483199;3
12391891;25483199;5
25546605;25483199;1
46337908;25483199;2
50961064;25483199;2
12368144;25499637;1
13404745;25499637;1
48503861;25499637;1
41936365;25542596;2
1051796;25546605;1
12391891;25546605;1
25483199;25546605;1
612732;25588388;1
7847213;25588388;2
19122405;25588388;1
12355852;25594480;1
13794609;25594480;5
17452215;25594480;6
42526406;25594480;1
42842598;25594480;1
43204348;25594480;1
1478446;25632025;1
12093333;25632025;3
20356823;25632025;3
30198941;25632025;1
30611292;25632025;3
3099406;25642450;1
5885514;25642450;1
19452145;25642450;1
32986714;25642450;1
33262379;25642450;1
35461633;25642450;2
39758190;25642450;1
41136578;25642450;1
42761296;25642450;2
1010450;25706166;1
2479649;25706166;1
7598474;25706166;1
7847213;25706166;8
12100688;25706166;17
14485170;25706166;1
19882354;25706166;1
34982892;25706166;4
43383961;25706166;1
44904659;25706166;1
46602081;25706166;16
1791959;25794676;2
11516994;25794676;2
12860515;25794676;1
13723858;25794676;1
22195484;25794676;2
30084098;25794676;2
44522359;25794676;2
50502462;25794676;1
14750093;25875404;1
3410832;25931002;1
38889827;25931002;1
50724152;25931002;1
18117183;25979463;1
35461633;25979463;4
46889353;25979463;3
2580732;25995175;1
8268010;25995175;1
8379715;25995175;1
34235948;25995175;1
35534987;25995175;1
23351445;26004909;1
37675890;26004909;1
48084433;26004909;1
2660483;26041806;1
6835359;26041806;2
9557261;26041806;1
13246097;26041806;1
28469491;26041806;1
35985668;26041806;1
12100688;26098778;4
34982892;26098778;1
46790804;26098778;1
9574144;26112590;1
26626573;26112590;1
27201749;26112590;1
16660939;26183517;1
27374049;26183517;1
15193316;26280585;1
21577092;26280585;1
35461633;26280585;1
35665306;26280585;1
9423794;26287660;1
15542924;26287660;1
37736856;26287660;1
38019649;26287660;1
44414570;26287660;1
47948193;26287660;1
12093333;26371071;1
37694882;26371071;1
32787573;26394832;1
37607456;26394832;1
43499954;26470492;1
1149569;26503031;1
6647301;26503031;1
37607456;26503031;1
51499432;26503031;1
3056605;26587299;1
4914576;26587299;1
10590869;26587299;2
13004190;26587299;3
13675907;26587299;5
14476281;26587299;3
19147149;26587299;1
20859835;26587299;5
22371030;26587299;9
30980088;26587299;1
32548567;26587299;1
37298966;26587299;1
40241868;26587299;1
41571458;26587299;6
41720858;26587299;1
42031685;26587299;1
43658252;26587299;4
9574144;26626573;1
10843591;26626573;1
26112590;26626573;1
27201749;26626573;2
17105782;26718769;1
31259881;26718769;1
6307652;26907065;1
10843591;26907065;1
15217753;26907065;1
32104971;26907065;1
34464951;26907065;1
38019649;26907065;1
48407701;26907065;1
5437202;26985784;1
6136225;26985784;1
7047261;26985784;1
7088878;26985784;1
13891528;26985784;1
42012841;26985784;1
42562048;26985784;1
48503861;26985784;1
49120002;26985784;1
1964069;26989326;1
29130759;26989326;1
38196826;26989326;1
41864666;26989326;1
51285527;26989326;1
9574144;27201749;6
10843591;27201749;2
11567456;27201749;1
22856358;27201749;5
26112590;27201749;1
26626573;27201749;2
1791959;27237804;1
18116337;27237804;1
19794923;27237804;1
28472873;27237804;2
43328035;27237804;1
48811338;27237804;2
50502462;27237804;1
3743770;27258780;1
969535;27300204;1
15573442;27300204;1
47259127;27300204;1
1149569;27341417;5
3563111;27341417;1
3740076;27341417;10
4778297;27341417;5
6220523;27341417;3
6647301;27341417;10
9595364;27341417;1
10631401;27341417;1
11222493;27341417;2
11497323;27341417;16
11958649;27341417;2
12832681;27341417;1
15360471;27341417;1
17493782;27341417;1
18892175;27341417;1
19391288;27341417;2
20435115;27341417;3
23465562;27341417;1
24181624;27341417;4
24575966;27341417;3
29211362;27341417;1
31206330;27341417;1
35591080;27341417;1
36829968;27341417;3
37515435;27341417;11
37607456;27341417;28
37750976;27341417;1
37773920;27341417;4
40202553;27341417;3
40995280;27341417;1
41936365;27341417;7
42106463;27341417;1
43131812;27341417;1
43204348;27341417;2
44183907;27341417;1
44990825;27341417;3
46345556;27341417;1
46889353;27341417;1
47923964;27341417;2
48121852;27341417;5
49804602;27341417;2
49827539;27341417;4
50878575;27341417;6
51499432;27341417;6
6822124;27374049;1
16660939;27374049;3
21937425;27374049;1
23045667;27374049;11
26183517;27374049;1
28472873;27374049;8
29109623;27374049;2
33262379;27374049;1
40824306;27374049;1
40895831;27374049;2
42103349;27374049;1
44993617;27374049;3
45446379;27374049;2
45866178;27374049;1
8448018;27639999;1
27756947;27639999;1
12691945;27667334;1
19391288;27667334;1
35461633;27667334;1
7594511;27699036;3
18665402;27699036;3
8448018;27756947;1
27639999;27756947;1
6557623;27770935;1
7513974;27770935;1
7847213;27770935;8
12100688;27770935;2
19122405;27770935;4
20915160;27770935;8
30891085;27770935;1
33642640;27770935;5
34982892;27770935;2
46602081;27770935;1
48066140;27770935;2
22422173;27790520;1
7969033;27797291;1
2398006;27810395;2
32762861;27810395;3
43677091;27810395;2
11972142;27980307;1
19178325;27980307;3
19195734;27980307;1
47041330;27980307;3
47347399;27980307;2
31826353;28007960;1
21577092;28008628;1
23273658;28008628;1
35665306;28008628;1
32986714;28091154;1
35461633;28091154;1
41136578;28091154;1
42761296;28091154;1
6897220;28105102;9
16468670;28105102;1
32986714;28105102;2
35461633;28105102;12
38231440;28105102;1
42761296;28105102;1
43731441;28105102;1
45516835;28105102;6
969535;28187182;3
13112915;28187182;5
14600871;28187182;5
14926442;28187182;1
14929638;28187182;1
18473715;28187182;4
36030110;28187182;4
38019649;28187182;3
21577092;28208783;6
23841052;28208783;1
31965149;28208783;3
35461633;28208783;1
35665306;28208783;2
43645248;28208783;2
13589104;28241864;2
17835781;28241864;1
31580372;28241864;1
42103349;28241864;2
47347399;28241864;1
16533061;28282359;1
18044400;28328137;1
28982951;28328137;1
34331431;28468378;2
39988957;28468378;2
2660483;28469491;1
6835359;28469491;1
9557261;28469491;1
13246097;28469491;1
26041806;28469491;1
1791959;28472873;2
2253960;28472873;1
4143208;28472873;2
4265816;28472873;1
6822124;28472873;4
9797792;28472873;1
9809510;28472873;1
14801900;28472873;2
16660939;28472873;17
18116337;28472873;4
18836939;28472873;2
19794923;28472873;1
21937425;28472873;1
22122362;28472873;1
22130966;28472873;2
23045667;28472873;16
27237804;28472873;2
27374049;28472873;8
29363867;28472873;1
40824306;28472873;3
40895831;28472873;12
41141105;28472873;2
42103349;28472873;10
43328035;28472873;1
44993617;28472873;3
45446379;28472873;2
45866178;28472873;6
45883129;28472873;1
47347399;28472873;1
48697957;28472873;1
48811338;28472873;12
48819557;28472873;1
49131445;28472873;2
50502462;28472873;2
8014871;28482485;3
17977947;28482485;2
30802149;28482485;1
12100688;28555855;1
805693;28579913;1
8294253;28579913;2
14055009;28579913;1
23465562;28579913;1
43525927;28579913;1
22977241;28616048;1
37136281;28616048;1
4518146;28635641;1
39988957;28635641;1
30980087;28681194;1
44316819;28681194;1
11110297;28903312;3
17861922;28903312;1
18473715;28903312;1
12169030;28975122;1
18519235;28975122;1
25369911;28975122;1
18044400;28982951;1
28328137;28982951;1
9354408;28992487;1
13364635;28992487;1
459957;29003178;1
4633414;29003178;1
23863638;29003178;1
31955594;29003178;1
27374049;29109623;2
1964069;29130759;1
26989326;29130759;1
38196826;29130759;1
41864666;29130759;1
51285527;29130759;1
6557623;29132348;1
30891085;29132348;1
1964069;29164206;1
19178325;29177873;1
38257079;29177873;1
47041330;29177873;1
6220523;29211362;1
7561968;29211362;1
17452215;29211362;2
19263249;29211362;2
20006401;29211362;2
24575966;29211362;2
27341417;29211362;1
35461633;29211362;1
38022562;29211362;2
38231440;29211362;4
44970314;29211362;1
46345556;29211362;5
48121852;29211362;1
49616897;29211362;1
6617726;29214081;1
8830438;29214081;1
19093609;29214081;1
19109311;29214081;1
42552060;29214081;1
45953173;29214081;1
4649772;29345128;1
8969471;29345128;1
36752911;29345128;1
20066160;29351126;1
28472873;29363867;1
40895831;29363867;1
42103349;29363867;1
45866178;29363867;1
47347399;29363867;1
48638835;29363867;1
11110297;29554109;1
35325665;29554109;1
51272842;29554109;1
43218924;29569366;1
43204348;30031435;1
47923964;30031435;1
49804602;30031435;1
1791959;30084098;6
7665956;30084098;2
7854486;30084098;1
8745592;30084098;1
11516994;30084098;3
12860515;30084098;1
13723858;30084098;1
22195484;30084098;2
25794676;30084098;2
31181459;30084098;1
33072551;30084098;3
40972778;30084098;1
44522359;30084098;2
45096299;30084098;1
48811338;30084098;1
49392368;30084098;1
50502462;30084098;1
45764804;30084102;1
49666483;30084102;1
8839888;30168359;1
21577092;30168359;1
23522193;30168359;1
35665306;30168359;1
1478446;30198941;6
12093333;30198941;4
20356823;30198941;1
25632025;30198941;1
30611292;30198941;11
40994916;30198941;1
9657725;30225958;1
10170758;30225958;1
33440320;30225958;1
3740076;30490622;1
6647301;30490622;1
1478446;30611292;14
2263878;30611292;1
12093333;30611292;13
12942755;30611292;1
20356823;30611292;3
21317769;30611292;1
24062002;30611292;1
25632025;30611292;3
30198941;30611292;11
32594078;30611292;1
34147741;30611292;1
35461633;30611292;1
40994916;30611292;4
42761296;30611292;1
48429558;30611292;1
7969033;30797738;1
17901713;30797738;1
7969033;30801311;1
17901713;30801311;1
34646023;30801311;1
41041437;30801311;1
8014871;30802149;1
28482485;30802149;1
5206860;30803403;1
7969033;30803403;1
34646023;30803403;1
41041437;30803403;1
4641931;30819069;1
19693802;30819069;4
32511540;30819069;4
9026626;30821579;1
9048776;30821579;1
37074412;30821579;2
43581697;30821579;2
1964069;30868637;1
9379907;30868637;1
22905588;30868637;1
31536734;30868637;1
6557623;30891085;2
7847213;30891085;1
12100688;30891085;4
19122405;30891085;1
20915160;30891085;1
27770935;30891085;1
29132348;30891085;1
33642640;30891085;1
46044303;30891085;4
48066140;30891085;1
779669;30980087;1
8620269;30980087;1
16020022;30980087;1
22963313;30980087;1
28681194;30980087;1
33764775;30980087;1
43912302;30980087;1
44316819;30980087;1
10590869;30980088;1
13004190;30980088;1
22371030;30980088;1
26587299;30980088;1
41571458;30980088;1
17452215;31007190;1
22122362;31007190;1
8014871;31029316;2
43848023;31029316;1
11657548;31040298;1
16468670;31040298;1
16968071;31040298;1
32474303;31040298;2
35461633;31040298;5
42761296;31040298;7
45774873;31040298;2
969535;31130137;1
13100230;31130137;2
15405165;31130137;2
18714385;31130137;1
38019649;31130137;1
40641734;31130137;1
43564204;31130137;1
11516994;31181459;1
30084098;31181459;1
33072551;31181459;1
48811338;31181459;1
11497323;31206330;1
27341417;31206330;1
24916133;31213045;1
31990531;31228229;1
39988957;31228229;1
46446767;31228229;1
7445447;31237542;1
20066160;31237542;1
3212044;31259881;1
9557261;31259881;1
12734636;31259881;1
15836872;31259881;1
16441789;31259881;2
17105782;31259881;4
18124705;31259881;1
26718769;31259881;1
35861256;31259881;2
44525350;31259881;1
50246434;31259881;1
6227121;31375060;1
19719196;31375060;1
36535296;31375060;1
37508293;31375060;1
41041437;31375060;2
41891244;31375060;1
42372900;31375060;1
50472272;31375060;1
13589104;31400609;1
17835781;31400609;8
25360679;31400609;2
42103349;31400609;3
47041330;31400609;8
34646023;31459702;1
38884301;31459702;1
41041437;31459702;1
11078826;31466272;1
16918264;31466272;1
23522193;31466272;2
40783664;31466272;1
23522193;31468947;1
7847213;31484037;12
17687800;31484037;1
17709220;31484037;1
19122405;31484037;2
33642640;31484037;1
35386223;31484037;2
51085575;31484037;10
488820;31519216;1
7969033;31519216;3
8646924;31519216;1
18045946;31519216;1
25225350;31519216;1
35163026;31519216;3
35603451;31519216;1
47422165;31519216;1
50472272;31519216;2
9124724;31536734;4
9379907;31536734;1
21750793;31536734;4
30868637;31536734;1
41596314;31536734;1
48769772;31536734;1
19087894;31561244;1
28241864;31580372;1
3410832;31587716;3
7545493;31587716;2
4012920;31677267;1
18044400;31677267;1
1434983;31692725;1
11110297;31692725;4
39380681;31692725;1
48757934;31692725;1
21316128;31817395;2
48758272;31817395;1
28007960;31826353;1
3740076;31835654;1
43131812;31835654;1
49040179;31835654;1
4633414;31955594;1
29003178;31955594;1
2353618;31965149;1
2581430;31965149;1
5885514;31965149;1
12169030;31965149;1
19452145;31965149;1
21577092;31965149;5
28208783;31965149;3
32986714;31965149;4
35461633;31965149;1
42761296;31965149;1
43337026;31965149;1
43645248;31965149;3
45089776;31965149;2
13112915;31984723;1
14926442;31984723;1
7107233;31990531;4
31228229;31990531;1
32687497;31990531;1
34184386;31990531;2
35601791;31990531;1
39988957;31990531;6
46446767;31990531;2
48432086;31990531;1
6307652;32104971;1
10843591;32104971;1
15217753;32104971;1
26907065;32104971;1
34464951;32104971;1
38019649;32104971;1
48407701;32104971;1
22660016;32164124;1
38231440;32173982;2
41136578;32173982;1
3410832;32275860;3
6050550;32275860;2
7545493;32275860;1
8098780;32275860;2
32804293;32275860;2
50724152;32275860;1
48413578;32364308;1
16968071;32474303;1
31040298;32474303;2
35461633;32474303;3
42761296;32474303;2
45774873;32474303;1
4641931;32511540;2
18883330;32511540;1
19693802;32511540;4
30819069;32511540;4
39331732;32511540;1
48084433;32511540;1
13675907;32548567;1
20859835;32548567;1
22371030;32548567;1
26587299;32548567;1
41571458;32548567;1
43658252;32548567;1
25225350;32556083;1
42611150;32556083;1
2263878;32594078;1
12093333;32594078;1
30611292;32594078;1
7107233;32687497;1
31990531;32687497;1
34184386;32687497;1
35601791;32687497;1
39988957;32687497;1
48432086;32687497;1
12691945;32712961;1
19391288;32712961;1
41436222;32712961;1
44316746;32712961;1
49065650;32712961;1
2398006;32762861;2
12169030;32762861;1
23522193;32762861;1
27810395;32762861;3
43677091;32762861;2
47288421;32762861;1
12107290;32787573;2
26394832;32787573;1
37607456;32787573;9
41936365;32787573;7
50577583;32787573;1
3410832;32804293;2
6050550;32804293;1
7545493;32804293;1
8098780;32804293;2
32275860;32804293;2
50724152;32804293;1
2174139;32853064;1
6518850;32853064;2
7847672;32853064;2
41918777;32853064;1
44509491;32853064;2
46379742;32853064;2
1961072;32966959;1
37263995;32966959;1
2581430;32986714;1
6897220;32986714;1
12169030;32986714;2
15193316;32986714;1
16468670;32986714;1
24062002;32986714;10
25642450;32986714;1
28091154;32986714;1
28105102;32986714;2
31965149;32986714;4
35461633;32986714;29
38231440;32986714;1
41136578;32986714;13
42761296;32986714;15
43195480;32986714;1
43337026;32986714;1
44669941;32986714;1
45089776;32986714;12
45380624;32986714;1
45516835;32986714;1
45774873;32986714;1
47073500;32986714;1
6911773;33023652;2
1791959;33072551;2
7665956;33072551;2
8745592;33072551;1
11516994;33072551;1
14476281;33072551;1
20859835;33072551;1
22371030;33072551;1
23945305;33072551;1
30084098;33072551;3
31181459;33072551;1
40972778;33072551;1
41571458;33072551;1
43658252;33072551;1
48811338;33072551;1
13765732;33108070;1
17203457;33108070;1
16441789;33112881;3
24916133;33112881;3
51565162;33112881;1
21577092;33141408;1
13238063;33196580;1
17408954;33196580;1
21577092;33196580;1
24015095;33196580;1
43645248;33196580;1
3099406;33262379;1
5885514;33262379;1
19452145;33262379;1
25642450;33262379;1
27374049;33262379;1
35461633;33262379;1
39758190;33262379;1
42761296;33262379;1
1296328;33326481;1
1600218;33326481;1
3159874;33326481;4
5326718;33326481;1
10471826;33326481;3
15759747;33326481;1
17452215;33326481;5
17835781;33326481;1
18113215;33326481;1
19195734;33326481;1
23522193;33326481;1
38222341;33326481;2
38676668;33326481;2
38736775;33326481;1
42103349;33326481;2
9657725;33440320;1
10170758;33440320;1
30225958;33440320;1
13935355;33450475;1
14949439;33465457;1
18692874;33465457;1
43521526;33465457;1
19774952;33528496;1
43328035;33528496;1
6557623;33642640;1
7513974;33642640;1
7847213;33642640;9
12100688;33642640;2
19122405;33642640;4
19192801;33642640;1
20915160;33642640;5
22188125;33642640;1
27770935;33642640;5
30891085;33642640;1
31484037;33642640;1
34074374;33642640;1
34982892;33642640;3
40659346;33642640;1
43276008;33642640;1
43383961;33642640;1
46602081;33642640;1
48066140;33642640;2
51085575;33642640;2
22977241;33759324;2
36597913;33759324;2
37136281;33759324;2
45218754;33759324;1
779669;33764775;1
8620269;33764775;1
16020022;33764775;1
22963313;33764775;1
30980087;33764775;1
43912302;33764775;1
47840748;33772499;2
25443214;33800547;1
15022798;33827967;1
17351434;33827967;1
22977241;33827967;1
36597913;33827967;1
45889597;33858785;1
18473715;33874066;2
36030110;33874066;2
45753621;33874066;1
37607456;33905280;1
49827539;33905280;1
7847213;34074374;1
33642640;34074374;1
1478446;34147741;1
30611292;34147741;1
10204755;34170273;1
18473715;34170273;1
18883289;34170273;1
39331732;34170273;1
48084433;34170273;2
7107233;34184386;2
31990531;34184386;2
32687497;34184386;1
35601791;34184386;1
39988957;34184386;2
48432086;34184386;1
13794609;34186742;2
17452215;34186742;1
1964069;34196862;1
3928429;34196862;1
2580732;34235948;1
8268010;34235948;1
8379715;34235948;1
25995175;34235948;1
35534987;34235948;1
28468378;34331431;2
39988957;34331431;2
8014871;34348001;2
10591688;34348001;1
12100688;34348001;1
43353706;34348001;2
19174214;34452438;1
47531681;34452438;2
49910917;34452438;1
6307652;34464951;1
10843591;34464951;1
15217753;34464951;1
26907065;34464951;1
32104971;34464951;1
38019649;34464951;1
48407701;34464951;1
9423794;34542243;1
38019649;34542243;5
5206860;34646023;1
7969033;34646023;2
8645676;34646023;1
11969916;34646023;1
17901713;34646023;1
25455715;34646023;1
30801311;34646023;1
30803403;34646023;1
31459702;34646023;1
38881784;34646023;1
38884301;34646023;1
41041437;34646023;6
18287996;34855476;1
297772;34918066;1
6617744;34918066;1
8239199;34918066;1
17227606;34918066;1
18473715;34962938;1
19729073;34962938;1
46451245;34962938;1
48084433;34962938;1
1010450;34982892;1
7847213;34982892;2
12100688;34982892;7
14485170;34982892;1
19122405;34982892;1
19192801;34982892;1
19882354;34982892;1
20915160;34982892;2
22188125;34982892;1
25706166;34982892;4
26098778;34982892;1
27770935;34982892;2
33642640;34982892;3
40659346;34982892;1
43383961;34982892;2
46602081;34982892;4
48066140;34982892;1
3809439;35057144;1
10230824;35057144;1
14750093;35057144;1
488820;35163026;1
7969033;35163026;3
8646924;35163026;1
18045946;35163026;1
25225350;35163026;1
31519216;35163026;3
35603451;35163026;1
47422165;35163026;1
50472272;35163026;2
3410832;35196705;1
6050550;35196705;1
41041437;35196705;1
42611150;35196705;1
16998791;35276713;1
37736856;35320995;1
16091917;35321734;1
40801457;35321734;1
11110297;35325665;2
29554109;35325665;1
51272842;35325665;1
3740076;35333883;1
22977241;35364950;2
36597913;35364950;2
7847213;35386223;5
17687800;35386223;1
19122405;35386223;3
31484037;35386223;2
51085575;35386223;1
709049;35461633;1
1600218;35461633;2
3099406;35461633;3
5885514;35461633;3
6371474;35461633;5
6897220;35461633;9
8208496;35461633;1
8658600;35461633;1
10471826;35461633;1
12093333;35461633;1
12169030;35461633;1
12691945;35461633;1
12942755;35461633;1
15193316;35461633;4
16468670;35461633;4
16968071;35461633;1
17452215;35461633;3
18117183;35461633;1
19391288;35461633;2
19452145;35461633;4
19679953;35461633;3
20006401;35461633;1
21577092;35461633;4
23605082;35461633;1
24062002;35461633;10
24575966;35461633;1
25642450;35461633;2
25979463;35461633;4
26280585;35461633;1
27667334;35461633;1
28091154;35461633;1
28105102;35461633;12
28208783;35461633;1
29211362;35461633;1
30611292;35461633;1
31040298;35461633;5
31965149;35461633;1
32474303;35461633;3
32986714;35461633;29
33262379;35461633;1
35665306;35461633;2
38231440;35461633;5
39758190;35461633;1
41136578;35461633;14
42761296;35461633;33
43195480;35461633;1
43731441;35461633;1
44669941;35461633;1
45089776;35461633;1
45380624;35461633;1
45516835;35461633;6
45774873;35461633;5
46889353;35461633;3
47073500;35461633;1
49804602;35461633;1
49956797;35461633;2
2580732;35534987;1
8268010;35534987;1
8379715;35534987;1
25995175;35534987;1
34235948;35534987;1
24531725;35548656;1
24181624;35591080;1
27341417;35591080;1
37515435;35591080;1
37607456;35591080;1
7107233;35601791;1
31990531;35601791;1
32687497;35601791;1
34184386;35601791;1
39988957;35601791;1
48432086;35601791;1
7969033;35603451;1
18045946;35603451;1
31519216;35603451;1
35163026;35603451;1
8208496;35665306;1
8839888;35665306;1
12169030;35665306;4
12774287;35665306;1
15193316;35665306;1
21577092;35665306;6
23273658;35665306;1
23522193;35665306;1
23841052;35665306;1
26280585;35665306;1
28008628;35665306;1
28208783;35665306;2
30168359;35665306;1
35461633;35665306;2
9557261;35861256;1
12734636;35861256;1
16441789;35861256;2
17105782;35861256;2
18124705;35861256;1
31259881;35861256;2
44525350;35861256;1
50246434;35861256;1
26041806;35985668;1
969535;36030110;3
13112915;36030110;5
14600871;36030110;4
14926442;36030110;1
14929638;36030110;2
18473715;36030110;15
20757944;36030110;1
28187182;36030110;4
33874066;36030110;2
38019649;36030110;3
45753621;36030110;2
47066331;36030110;3
6194746;36230764;1
8014871;36230764;1
10365531;36230764;1
12100688;36230764;3
19311742;36230764;1
23254357;36230764;1
43581697;36230764;1
47814375;36230764;1
15644769;36276371;1
22076760;36276371;1
23568907;36276371;1
41041437;36295159;1
1867853;36399344;1
3099406;36399344;1
12093333;36399344;1
6788652;36402444;1
7039531;36402444;1
8758659;36402444;1
14099874;36402444;1
15174543;36402444;1
46004250;36402444;1
41041437;36411390;1
19679953;36521394;1
42761296;36521394;1
6227121;36535296;1
19719196;36535296;1
31375060;36535296;1
37508293;36535296;1
41041437;36535296;3
41891244;36535296;1
42372900;36535296;1
50472272;36535296;1
6275844;36597913;1
15022798;36597913;1
22977241;36597913;9
33759324;36597913;2
33827967;36597913;1
35364950;36597913;2
37136281;36597913;1
38256005;36597913;1
4649772;36752911;1
8969471;36752911;1
29345128;36752911;1
3740076;36829968;3
27341417;36829968;3
9026626;37074412;1
9048776;37074412;1
30821579;37074412;2
43581697;37074412;2
17452215;37116603;1
23485335;37116603;1
23916162;37116603;1
49804602;37116603;1
22977241;37136281;3
28616048;37136281;1
33759324;37136281;2
36597913;37136281;1
45218754;37136281;1
38362368;37208406;3
1961072;37263995;1
32966959;37263995;1
9657725;37273577;1
10843591;37273577;3
11461291;37273577;2
12100688;37273577;1
12605870;37273577;1
16182999;37273577;1
21694735;37273577;1
38019649;37273577;2
42552063;37273577;1
48932102;37273577;1
13675907;37298966;1
20859835;37298966;1
22371030;37298966;1
26587299;37298966;1
41571458;37298966;1
12093333;37447810;2
19307225;37447810;1
20720471;37447810;1
1964069;37479635;6
38991156;37479635;1
39129668;37479635;3
47309165;37479635;1
48413578;37479635;1
5542836;37481288;4
6227121;37508293;1
31375060;37508293;1
36535296;37508293;1
41041437;37508293;1
41891244;37508293;1
42372900;37508293;1
50472272;37508293;1
20435115;37515435;3
24181624;37515435;2
27341417;37515435;11
35591080;37515435;1
37607456;37515435;12
44990825;37515435;1
46668221;37515435;2
42878652;37542925;2
43912302;37542925;2
45323422;37542925;3
1149569;37607456;2
3740076;37607456;5
6647301;37607456;7
11222493;37607456;2
11958649;37607456;2
12107290;37607456;2
12832681;37607456;2
12876959;37607456;1
15445615;37607456;1
20435115;37607456;2
24181624;37607456;5
26394832;37607456;1
26503031;37607456;1
27341417;37607456;28
32787573;37607456;9
33905280;37607456;1
35591080;37607456;1
37515435;37607456;12
41936365;37607456;21
42106463;37607456;1
44990825;37607456;4
46668221;37607456;1
49827539;37607456;5
50577583;37607456;1
50878575;37607456;6
51499432;37607456;8
23351445;37675890;1
26004909;37675890;1
48084433;37675890;1
12093333;37694882;1
26371071;37694882;1
9423794;37736856;1
15542924;37736856;1
26287660;37736856;1
35320995;37736856;1
38019649;37736856;4
20435115;37750976;1
27341417;37750976;1
11497323;37773920;4
27341417;37773920;4
15642184;37803051;1
22660016;37803051;2
38362368;37803051;3
12100688;37926710;1
969535;38019649;3
6307652;38019649;1
9423794;38019649;9
9657725;38019649;2
10843591;38019649;4
11461291;38019649;3
13100230;38019649;1
13112915;38019649;3
14600871;38019649;3
14926442;38019649;1
14929638;38019649;1
15217753;38019649;1
15542924;38019649;4
16182999;38019649;1
18473715;38019649;4
21694735;38019649;1
21700594;38019649;1
26287660;38019649;1
26907065;38019649;1
28187182;38019649;3
31130137;38019649;1
32104971;38019649;1
34464951;38019649;1
34542243;38019649;5
36030110;38019649;3
37273577;38019649;2
37736856;38019649;4
40641734;38019649;1
42552063;38019649;1
44414570;38019649;1
45026008;38019649;1
47948193;38019649;2
48407701;38019649;1
48932102;38019649;1
6220523;38022562;1
24575966;38022562;1
29211362;38022562;2
48121852;38022562;1
19622427;38025762;1
41805379;38025762;1
38991156;38168755;1
1964069;38196826;1
26989326;38196826;1
29130759;38196826;1
41864666;38196826;1
51285527;38196826;1
3159874;38222341;2
33326481;38222341;2
1600218;38231440;1
1897714;38231440;1
5076066;38231440;1
6897220;38231440;1
8312560;38231440;1
11056427;38231440;1
15193316;38231440;1
16537206;38231440;1
17452215;38231440;4
20006401;38231440;2
20060029;38231440;1
22660016;38231440;1
28105102;38231440;1
29211362;38231440;4
32173982;38231440;2
32986714;38231440;1
35461633;38231440;5
41136578;38231440;7
41453445;38231440;1
43195480;38231440;1
43204348;38231440;1
43519161;38231440;2
45516835;38231440;1
47347399;38231440;1
49804602;38231440;3
36597913;38256005;1
19178325;38257079;1
29177873;38257079;1
47041330;38257079;1
38769684;38315526;1
42508245;38315526;1
42552060;38315526;1
10137301;38362368;2
14884926;38362368;2
15642184;38362368;2
22660016;38362368;3
37208406;38362368;3
37803051;38362368;3
5088948;38529012;1
12409125;38529012;1
24225986;38529012;1
41041437;38529012;2
50472272;38529012;1
3159874;38676668;2
17452215;38676668;2
33326481;38676668;2
10471826;38736775;1
15759747;38736775;1
17452215;38736775;1
33326481;38736775;1
38315526;38769684;1
42508245;38769684;2
42552060;38769684;2
25455715;38881784;1
34646023;38881784;1
41041437;38881784;1
31459702;38884301;1
34646023;38884301;1
41041437;38884301;1
3410832;38889827;1
25931002;38889827;1
50724152;38889827;1
1964069;38991156;3
4151183;38991156;3
37479635;38991156;1
38168755;38991156;1
39129668;38991156;1
1964069;39129668;4
37479635;39129668;3
38991156;39129668;1
47309165;39129668;1
3099406;39141747;1
12093333;39141747;1
4641931;39331732;1
18473715;39331732;1
32511540;39331732;1
34170273;39331732;1
48084433;39331732;1
1434983;39380681;1
11110297;39380681;1
31692725;39380681;1
48757934;39380681;1
17018462;39396712;1
47576898;39396712;1
7847213;39453798;1
9657725;39453798;1
10843591;39453798;2
11840652;39453798;1
19307792;39453798;2
46268944;39453798;1
45507273;39575593;1
47838292;39575593;1
50780129;39668640;1
1964069;39684338;1
3099406;39758190;1
5885514;39758190;1
19452145;39758190;1
25642450;39758190;1
33262379;39758190;1
35461633;39758190;1
42761296;39758190;1
7969033;39943633;3
48584251;39943633;3
4518146;39988957;1
7107233;39988957;4
28468378;39988957;2
28635641;39988957;1
31228229;39988957;1
31990531;39988957;6
32687497;39988957;1
34184386;39988957;2
34331431;39988957;2
35601791;39988957;1
46446767;39988957;2
48432086;39988957;1
814018;40132305;1
5534462;40132305;1
10136288;40132305;1
41041437;40132305;1
3563111;40202553;1
6647301;40202553;3
27341417;40202553;3
3056605;40241868;1
13675907;40241868;1
22371030;40241868;1
26587299;40241868;1
41571458;40241868;1
41720858;40241868;1
42031685;40241868;1
40994916;40329324;2
44961106;40329324;2
45736350;40329324;2
14589606;40525737;1
13100230;40641734;1
31130137;40641734;1
38019649;40641734;1
19192801;40659346;1
22188125;40659346;1
33642640;40659346;1
34982892;40659346;1
43383961;40659346;1
11078826;40783664;1
16918264;40783664;1
23522193;40783664;1
31466272;40783664;1
16091917;40801457;1
35321734;40801457;1
41404379;40801457;1
46691810;40801457;1
48589076;40801457;1
23045667;40824306;2
27374049;40824306;1
28472873;40824306;3
15642184;40864903;1
4143208;40895831;1
9797792;40895831;1
9809510;40895831;1
16660939;40895831;1
18836939;40895831;1
21937425;40895831;1
27374049;40895831;2
28472873;40895831;12
29363867;40895831;1
41141105;40895831;1
42103349;40895831;9
44993617;40895831;1
45866178;40895831;6
47347399;40895831;1
48697957;40895831;1
1791959;40972778;1
7665956;40972778;1
30084098;40972778;1
33072551;40972778;1
1478446;40994916;4
12093333;40994916;5
20356823;40994916;1
30198941;40994916;1
30611292;40994916;4
40329324;40994916;2
45736350;40994916;2
15360471;40995280;1
17493782;40995280;1
19391288;40995280;1
27341417;40995280;1
46889353;40995280;1
979453;41010788;1
21460748;41010788;1
814018;41041437;2
3410832;41041437;1
3751170;41041437;1
5088948;41041437;2
5206860;41041437;1
5534462;41041437;5
6050550;41041437;1
6227121;41041437;1
7969033;41041437;2
8645676;41041437;2
9252658;41041437;1
10136288;41041437;3
11969916;41041437;1
12409125;41041437;1
17477817;41041437;1
17901713;41041437;1
19719196;41041437;3
20751850;41041437;1
23860647;41041437;1
24225986;41041437;2
24284991;41041437;4
25455715;41041437;1
30801311;41041437;1
30803403;41041437;1
31375060;41041437;2
31459702;41041437;1
34646023;41041437;6
35196705;41041437;1
36295159;41041437;1
36411390;41041437;1
36535296;41041437;3
37508293;41041437;1
38529012;41041437;2
38881784;41041437;1
38884301;41041437;1
40132305;41041437;1
41891244;41041437;1
42372900;41041437;1
42611150;41041437;1
50472272;41041437;2
51286000;41041437;1
375901;41065261;2
1897714;41136578;1
25642450;41136578;1
28091154;41136578;1
32173982;41136578;1
32986714;41136578;13
35461633;41136578;14
38231440;41136578;7
41453445;41136578;1
42761296;41136578;12
43195480;41136578;1
47073500;41136578;1
4143208;41141105;3
9809510;41141105;1
18836939;41141105;3
22122362;41141105;2
28472873;41141105;2
40895831;41141105;1
42103349;41141105;3
45866178;41141105;1
48697957;41141105;1
19178325;41290292;1
47041330;41290292;1
19178325;41326384;1
40801457;41404379;1
46691810;41404379;1
48589076;41404379;1
12691945;41436222;1
19391288;41436222;1
32712961;41436222;1
44316746;41436222;1
49065650;41436222;1
1897714;41453445;1
38231440;41453445;1
41136578;41453445;1
8014871;41462525;1
10038459;41462525;1
1404557;41571458;2
3056605;41571458;1
10590869;41571458;1
13004190;41571458;2
13675907;41571458;6
14476281;41571458;2
20859835;41571458;4
22371030;41571458;6
23945305;41571458;1
26587299;41571458;6
30980088;41571458;1
32548567;41571458;1
33072551;41571458;1
37298966;41571458;1
40241868;41571458;1
41720858;41571458;1
42031685;41571458;1
43658252;41571458;3
47058525;41571458;1
9124724;41596314;1
21750793;41596314;1
31536734;41596314;1
20123127;41678860;1
22803072;41678860;1
42996937;41678860;1
3056605;41720858;1
13675907;41720858;1
22371030;41720858;1
26587299;41720858;1
40241868;41720858;1
41571458;41720858;1
42031685;41720858;1
19622427;41805379;1
38025762;41805379;1
1964069;41864666;1
26989326;41864666;1
29130759;41864666;1
38196826;41864666;1
51285527;41864666;1
6227121;41891244;1
31375060;41891244;1
36535296;41891244;1
37508293;41891244;1
41041437;41891244;1
42372900;41891244;1
50472272;41891244;1
5184126;41897041;1
43204348;41897041;7
49804602;41897041;7
11196078;41906787;1
15563742;41906787;1
6518850;41918777;1
7847672;41918777;1
32853064;41918777;1
44509491;41918777;1
46379742;41918777;1
12107290;41936365;2
25542596;41936365;2
27341417;41936365;7
32787573;41936365;7
37607456;41936365;21
42599396;41936365;2
47640903;41936365;1
47644874;41936365;1
49616897;41936365;2
51499432;41936365;1
5437202;42012841;1
6136225;42012841;1
7047261;42012841;1
7088878;42012841;1
13891528;42012841;1
26985784;42012841;1
42562048;42012841;1
48503861;42012841;1
49120002;42012841;1
3056605;42031685;1
13675907;42031685;1
22371030;42031685;1
26587299;42031685;1
40241868;42031685;1
41571458;42031685;1
41720858;42031685;1
1296328;42103349;1
4143208;42103349;4
9797792;42103349;1
9809510;42103349;1
13589104;42103349;4
16660939;42103349;1
17452215;42103349;1
17835781;42103349;8
18836939;42103349;3
19195734;42103349;2
22122362;42103349;2
27374049;42103349;1
28241864;42103349;2
28472873;42103349;10
29363867;42103349;1
31400609;42103349;3
33326481;42103349;2
40895831;42103349;9
41141105;42103349;3
44993617;42103349;1
45866178;42103349;4
47041330;42103349;1
47347399;42103349;5
48697957;42103349;1
6647301;42106463;1
27341417;42106463;1
37607456;42106463;1
51499432;42106463;1
2253960;42122548;1
45138641;42122548;1
6136225;42126767;1
7047261;42126767;1
49120002;42126767;1
6227121;42372900;1
31375060;42372900;1
36535296;42372900;1
37508293;42372900;1
41041437;42372900;1
41891244;42372900;1
50472272;42372900;1
598018;42452854;1
9557261;42452854;1
11487785;42452854;1
19517070;42452854;1
38315526;42508245;1
38769684;42508245;2
42552060;42508245;2
13794609;42526406;1
17452215;42526406;1
25594480;42526406;1
6617726;42552060;1
8830438;42552060;1
19093609;42552060;1
19109311;42552060;1
29214081;42552060;1
38315526;42552060;1
38769684;42552060;2
42508245;42552060;2
45953173;42552060;1
10843591;42552063;1
11461291;42552063;1
37273577;42552063;1
38019649;42552063;1
48932102;42552063;1
5437202;42562048;1
6136225;42562048;1
7047261;42562048;1
7088878;42562048;1
13891528;42562048;1
26985784;42562048;1
42012841;42562048;1
48503861;42562048;1
49120002;42562048;1
41936365;42599396;2
49616897;42599396;1
3410832;42611150;1
6050550;42611150;1
25225350;42611150;1
32556083;42611150;1
35196705;42611150;1
41041437;42611150;1
48810784;42611150;1
43436464;42679002;1
23568907;42741649;2
45323422;42741649;2
709049;42761296;1
3099406;42761296;3
5885514;42761296;3
6371474;42761296;1
8658600;42761296;1
11657548;42761296;1
12093333;42761296;1
12942755;42761296;1
16468670;42761296;4
16968071;42761296;1
19452145;42761296;4
19679953;42761296;4
23605082;42761296;1
24062002;42761296;1
25642450;42761296;2
28091154;42761296;1
28105102;42761296;1
30611292;42761296;1
31040298;42761296;7
31965149;42761296;1
32474303;42761296;2
32986714;42761296;15
33262379;42761296;1
35461633;42761296;33
36521394;42761296;1
39758190;42761296;1
41136578;42761296;12
45089776;42761296;1
45774873;42761296;5
47073500;42761296;1
928220;42761298;1
16652969;42761298;1
4726853;42766465;2
12355852;42842598;1
13794609;42842598;1
17452215;42842598;1
25594480;42842598;1
37542925;42878652;2
43912302;42878652;1
45323422;42878652;2
20123127;42996937;1
22803072;42996937;1
41678860;42996937;1
51098540;42996937;1
3740076;43131812;3
27341417;43131812;1
31835654;43131812;1
49040179;43131812;1
32986714;43195480;1
35461633;43195480;1
38231440;43195480;1
41136578;43195480;1
4778297;43204348;1
5076066;43204348;1
5184126;43204348;1
7636146;43204348;1
7847213;43204348;1
13536223;43204348;1
13794609;43204348;1
16537206;43204348;2
17452215;43204348;2
17835781;43204348;1
17952058;43204348;1
19104480;43204348;1
19195734;43204348;1
23485335;43204348;2
23916162;43204348;12
25594480;43204348;1
27341417;43204348;2
30031435;43204348;1
38231440;43204348;1
41897041;43204348;7
46268944;43204348;1
47347399;43204348;1
47923964;43204348;7
49804602;43204348;31
51085575;43204348;1
29569366;43218924;1
22937325;43267666;2
7847213;43276008;1
33642640;43276008;1
11887013;43328035;1
19098157;43328035;4
19774952;43328035;1
19777657;43328035;1
19794923;43328035;1
27237804;43328035;1
28472873;43328035;1
33528496;43328035;1
48811338;43328035;1
2581430;43337026;1
12169030;43337026;1
31965149;43337026;1
32986714;43337026;1
8014871;43353706;8
10591688;43353706;1
12100688;43353706;1
14827273;43353706;1
20478332;43353706;1
34348001;43353706;2
43848023;43353706;1
45300596;43353706;1
13404745;43379801;1
1010450;43383961;4
7847213;43383961;3
12100688;43383961;4
14485170;43383961;1
19192801;43383961;1
19882354;43383961;4
22188125;43383961;1
25706166;43383961;1
33642640;43383961;1
34982892;43383961;2
40659346;43383961;1
42679002;43436464;1
26470492;43499954;1
38231440;43519161;2
18692874;43521526;1
33465457;43521526;1
805693;43525927;1
8294253;43525927;1
14055009;43525927;1
28579913;43525927;1
969535;43564204;3
10843593;43564204;1
13100230;43564204;3
15405165;43564204;1
31130137;43564204;1
6194746;43581697;1
8014871;43581697;1
9026626;43581697;1
9048776;43581697;1
10365531;43581697;1
12100688;43581697;1
19311742;43581697;1
23254357;43581697;1
30821579;43581697;2
36230764;43581697;1
37074412;43581697;2
47814375;43581697;1
47939743;43606328;1
2353618;43645248;1
13238063;43645248;1
17408954;43645248;1
21577092;43645248;5
24015095;43645248;1
28208783;43645248;2
31965149;43645248;3
33196580;43645248;1
4914576;43658252;1
13675907;43658252;3
14476281;43658252;4
20859835;43658252;5
22371030;43658252;5
23945305;43658252;1
26587299;43658252;4
32548567;43658252;1
33072551;43658252;1
41571458;43658252;3
2398006;43677091;1
27810395;43677091;2
32762861;43677091;2
6897220;43731441;1
28105102;43731441;1
35461633;43731441;1
8014871;43848023;7
10038459;43848023;1
23121689;43848023;1
31029316;43848023;1
43353706;43848023;1
45300596;43848023;3
10230824;43867070;1
14750093;43867070;1
587051;43912302;1
779669;43912302;1
8212399;43912302;1
8620269;43912302;1
16020022;43912302;1
22963313;43912302;1
30980087;43912302;1
33764775;43912302;1
37542925;43912302;2
42878652;43912302;1
45323422;43912302;6
47354459;43912302;1
50554473;43912302;1
50566134;43912302;1
2558746;43972767;1
9155250;43972767;1
9358508;43972767;1
14582031;43972767;1
15979128;43972767;1
16316013;43972767;1
44327921;43972767;1
45557990;43972767;1
11646672;44157686;2
9595364;44183907;1
27341417;44183907;1
12691945;44316746;1
19391288;44316746;1
32712961;44316746;1
41436222;44316746;1
49065650;44316746;1
28681194;44316819;1
30980087;44316819;1
15979128;44327921;1
43972767;44327921;1
45557990;44327921;1
87304;44414570;1
5431000;44414570;1
10843591;44414570;1
12498238;44414570;1
15405165;44414570;1
26287660;44414570;1
38019649;44414570;1
47948193;44414570;1
7603397;44479017;1
13705038;44479017;1
2174139;44509491;1
6518850;44509491;2
7847672;44509491;2
32853064;44509491;2
41918777;44509491;1
46379742;44509491;2
1791959;44522359;2
11516994;44522359;2
12860515;44522359;1
13723858;44522359;1
22195484;44522359;2
25794676;44522359;2
30084098;44522359;2
50502462;44522359;1
16441789;44525350;1
17105782;44525350;1
18124705;44525350;1
31259881;44525350;1
35861256;44525350;1
15193316;44669941;1
32986714;44669941;1
35461633;44669941;1
45380624;44669941;1
12100688;44904659;1
25706166;44904659;1
46602081;44904659;1
40329324;44961106;2
11972142;44970306;1
19195734;44970306;1
24575966;44970314;2
29211362;44970314;1
779196;44972071;2
5155657;44972071;1
10095812;44972071;1
21558751;44972071;3
495734;44984729;1
8646925;44984729;1
9516648;44984729;1
23890225;44984729;1
6647301;44990825;1
11958649;44990825;1
12876959;44990825;1
27341417;44990825;3
37515435;44990825;1
37607456;44990825;4
50878575;44990825;2
51499432;44990825;1
16660939;44993617;2
27374049;44993617;3
28472873;44993617;3
40895831;44993617;1
42103349;44993617;1
20126766;45003842;3
38019649;45026008;1
31965149;45089776;2
32986714;45089776;12
35461633;45089776;1
42761296;45089776;1
1791959;45096299;1
7854486;45096299;1
30084098;45096299;1
49392368;45096299;1
2253960;45138641;2
17835781;45138641;1
42122548;45138641;1
22977241;45218754;1
33759324;45218754;1
37136281;45218754;1
8014871;45300596;6
10038459;45300596;1
23121689;45300596;1
43353706;45300596;1
43848023;45300596;3
587051;45323422;1
8212399;45323422;1
23568907;45323422;2
37542925;45323422;3
42741649;45323422;2
42878652;45323422;2
43912302;45323422;6
50554473;45323422;1
50566134;45323422;1
12093333;45336842;1
15193316;45380624;1
32986714;45380624;1
35461633;45380624;1
44669941;45380624;1
14801900;45446379;1
23045667;45446379;6
27374049;45446379;2
28472873;45446379;2
39575593;45507273;1
47838292;45507273;1
6897220;45516835;4
28105102;45516835;6
32986714;45516835;1
35461633;45516835;6
38231440;45516835;1
19173688;45557989;1
15979128;45557990;1
43972767;45557990;1
44327921;45557990;1
40329324;45736350;2
40994916;45736350;2
18473715;45753621;2
20757944;45753621;1
33874066;45753621;1
36030110;45753621;2
30084102;45764804;1
49666483;45764804;1
31040298;45774873;2
32474303;45774873;1
32986714;45774873;1
35461633;45774873;5
42761296;45774873;5
7594511;45833557;3
14423923;45833557;1
18665402;45833557;3
4143208;45866178;1
9809510;45866178;1
18836939;45866178;1
21937425;45866178;1
27374049;45866178;1
28472873;45866178;6
29363867;45866178;1
40895831;45866178;6
41141105;45866178;1
42103349;45866178;4
47347399;45866178;1
48697957;45866178;1
23045667;45883129;1
28472873;45883129;1
33858785;45889597;1
6617726;45953173;1
8830438;45953173;1
19093609;45953173;1
19109311;45953173;1
29214081;45953173;1
42552060;45953173;1
6788652;46004250;1
7039531;46004250;1
8758659;46004250;1
14099874;46004250;1
15174543;46004250;1
36402444;46004250;1
12100688;46044303;4
30891085;46044303;4
7847213;46268944;5
9657725;46268944;2
10843591;46268944;2
11840652;46268944;1
12498238;46268944;1
19122405;46268944;2
19307792;46268944;1
39453798;46268944;1
43204348;46268944;1
51085575;46268944;3
1051796;46337908;2
3379361;46337908;2
7847672;46337908;2
12391891;46337908;2
25483199;46337908;2
23465571;46345556;1
27341417;46345556;1
29211362;46345556;5
49616897;46345556;2
2174139;46379742;1
6518850;46379742;2
7847672;46379742;2
32853064;46379742;2
41918777;46379742;1
44509491;46379742;2
31228229;46446767;1
31990531;46446767;2
39988957;46446767;2
18473715;46451245;1
19729073;46451245;1
34962938;46451245;1
48084433;46451245;1
2479649;46602081;1
7598474;46602081;3
7847213;46602081;9
12100688;46602081;20
15646529;46602081;1
20915160;46602081;1
25706166;46602081;16
27770935;46602081;1
33642640;46602081;1
34982892;46602081;4
44904659;46602081;1
46790804;46602081;2
48066140;46602081;1
37515435;46668221;2
37607456;46668221;1
40801457;46691810;1
41404379;46691810;1
48589076;46691810;1
7598474;46790804;7
12100688;46790804;8
15646529;46790804;1
26098778;46790804;1
46602081;46790804;2
48726014;46790804;1
15360471;46889353;1
17493782;46889353;1
18117183;46889353;1
19391288;46889353;1
25979463;46889353;3
27341417;46889353;1
35461633;46889353;3
40995280;46889353;1
13684250;46982903;1
1176303;47041330;2
1285728;47041330;3
3159874;47041330;1
4382039;47041330;3
11972142;47041330;1
12112459;47041330;1
13589104;47041330;1
16469381;47041330;1
16527207;47041330;4
17835781;47041330;9
19178325;47041330;18
19195734;47041330;3
20760547;47041330;2
21831517;47041330;2
24869348;47041330;1
24874482;47041330;1
25360679;47041330;4
27980307;47041330;3
29177873;47041330;1
31400609;47041330;8
38257079;47041330;1
41290292;47041330;1
42103349;47041330;1
47347399;47041330;3
48844681;47041330;1
49627214;47041330;2
1404557;47058525;1
13675907;47058525;1
41571458;47058525;1
18473715;47066331;3
36030110;47066331;3
32986714;47073500;1
35461633;47073500;1
41136578;47073500;1
42761296;47073500;1
969535;47259127;1
15573442;47259127;1
27300204;47259127;1
12169030;47288421;2
23522193;47288421;1
32762861;47288421;1
1964069;47309165;1
37479635;47309165;1
39129668;47309165;1
5076066;47347399;1
11497323;47347399;1
13589104;47347399;1
17835781;47347399;1
19178325;47347399;4
27980307;47347399;2
28241864;47347399;1
28472873;47347399;1
29363867;47347399;1
38231440;47347399;1
40895831;47347399;1
42103349;47347399;5
43204348;47347399;1
45866178;47347399;1
47041330;47347399;3
49804602;47347399;1
43912302;47354459;1
15522659;47401510;1
22419579;47401510;1
7969033;47422165;1
31519216;47422165;1
35163026;47422165;1
50472272;47422165;1
48811338;47502350;1
9657725;47531681;2
12663027;47531681;2
19174214;47531681;1
34452438;47531681;2
49910917;47531681;1
17018462;47576898;1
39396712;47576898;1
14750093;47580210;1
41936365;47640903;1
41936365;47644874;1
49616897;47644874;1
6194746;47814375;1
8014871;47814375;1
10365531;47814375;1
12100688;47814375;1
19311742;47814375;1
23254357;47814375;1
36230764;47814375;1
43581697;47814375;1
5292666;47838292;1
39575593;47838292;1
45507273;47838292;1
3567062;47840748;1
13261119;47840748;1
33772499;47840748;2
4778297;47923964;1
17452215;47923964;1
23916162;47923964;1
27341417;47923964;2
30031435;47923964;1
43204348;47923964;7
49804602;47923964;7
43606328;47939743;1
26287660;47948193;1
38019649;47948193;2
44414570;47948193;1
1176303;47974333;2
21831517;47974333;1
51531983;47974333;2
14801900;48028793;1
23045667;48028793;3
48770111;48033291;1
6557623;48066140;1
7847213;48066140;2
12100688;48066140;1
19122405;48066140;1
20915160;48066140;2
27770935;48066140;2
30891085;48066140;1
33642640;48066140;2
34982892;48066140;1
46602081;48066140;1
10204755;48084433;1
18473715;48084433;2
18883289;48084433;1
18883330;48084433;1
19729073;48084433;1
23351445;48084433;1
26004909;48084433;1
32511540;48084433;1
34170273;48084433;2
34962938;48084433;1
37675890;48084433;1
39331732;48084433;1
46451245;48084433;1
561597;48121852;1
4778297;48121852;1
6220523;48121852;1
11497323;48121852;5
24575966;48121852;1
27341417;48121852;5
29211362;48121852;1
38022562;48121852;1
49804602;48121852;8
5863880;48243429;2
15019363;48243429;1
6307652;48407701;1
10843591;48407701;1
15217753;48407701;1
26907065;48407701;1
32104971;48407701;1
34464951;48407701;1
38019649;48407701;1
1964069;48413578;3
32364308;48413578;1
37479635;48413578;1
12093333;48429558;1
30611292;48429558;1
7107233;48432086;1
31990531;48432086;1
32687497;48432086;1
34184386;48432086;1
35601791;48432086;1
39988957;48432086;1
5437202;48503861;1
6136225;48503861;1
7047261;48503861;1
7088878;48503861;1
13891528;48503861;1
25499637;48503861;1
26985784;48503861;1
42012841;48503861;1
42562048;48503861;1
49120002;48503861;1
7969033;48584251;3
39943633;48584251;3
40801457;48589076;1
41404379;48589076;1
46691810;48589076;1
29363867;48638835;1
4143208;48697957;1
9809510;48697957;1
18836939;48697957;1
28472873;48697957;1
40895831;48697957;1
41141105;48697957;1
42103349;48697957;1
45866178;48697957;1
7598474;48726014;1
12100688;48726014;1
46790804;48726014;1
1434983;48757934;1
11110297;48757934;1
31692725;48757934;1
39380681;48757934;1
21316128;48758272;1
31817395;48758272;1
31536734;48769772;1
48033291;48770111;1
42611150;48810784;1
1791959;48811338;2
2253960;48811338;1
4265816;48811338;1
11516994;48811338;1
16660939;48811338;3
18116337;48811338;4
19794923;48811338;1
21461984;48811338;1
22130966;48811338;2
27237804;48811338;2
28472873;48811338;12
30084098;48811338;1
31181459;48811338;1
33072551;48811338;1
43328035;48811338;1
47502350;48811338;1
49131445;48811338;2
50502462;48811338;2
10980695;48819557;1
28472873;48819557;1
47041330;48844681;1
10843591;48932102;1
11461291;48932102;1
37273577;48932102;1
38019649;48932102;1
42552063;48932102;1
3740076;49040179;1
31835654;49040179;1
43131812;49040179;1
12691945;49065650;1
19391288;49065650;1
32712961;49065650;1
41436222;49065650;1
44316746;49065650;1
5437202;49120002;1
6136225;49120002;2
7047261;49120002;2
7088878;49120002;1
13891528;49120002;1
26985784;49120002;1
42012841;49120002;1
42126767;49120002;1
42562048;49120002;1
48503861;49120002;1
2253960;49131445;1
28472873;49131445;2
48811338;49131445;2
22122362;49384891;1
1791959;49392368;1
7854486;49392368;1
30084098;49392368;1
45096299;49392368;1
23465571;49616897;1
29211362;49616897;1
41936365;49616897;2
42599396;49616897;1
46345556;49616897;2
47644874;49616897;1
16527207;49627214;1
19178325;49627214;2
47041330;49627214;2
19178325;49660852;1
30084102;49666483;1
45764804;49666483;1
7603397;49667549;1
4842134;49687532;1
5556380;49687532;1
561597;49804602;2
1051796;49804602;1
1600218;49804602;1
4429074;49804602;1
4778297;49804602;2
5076066;49804602;1
5184126;49804602;1
8564538;49804602;1
13536223;49804602;1
15193316;49804602;1
16537206;49804602;3
17452215;49804602;5
17952058;49804602;1
19104480;49804602;1
22660016;49804602;1
23485335;49804602;3
23916162;49804602;12
27341417;49804602;2
30031435;49804602;1
35461633;49804602;1
37116603;49804602;1
38231440;49804602;3
41897041;49804602;7
43204348;49804602;31
47347399;49804602;1
47923964;49804602;7
48121852;49804602;8
12832681;49827539;1
27341417;49827539;4
33905280;49827539;1
37607456;49827539;5
50878575;49827539;4
34452438;49910917;1
47531681;49910917;1
6371474;49956797;1
35461633;49956797;2
9557261;50246434;1
12734636;50246434;1
16441789;50246434;1
17105782;50246434;1
31259881;50246434;1
35861256;50246434;1
488820;50472272;1
6227121;50472272;1
7969033;50472272;2
8646924;50472272;1
25225350;50472272;1
31375060;50472272;1
31519216;50472272;2
35163026;50472272;2
36535296;50472272;1
37508293;50472272;1
38529012;50472272;1
41041437;50472272;2
41891244;50472272;1
42372900;50472272;1
47422165;50472272;1
11110297;50496110;1
1791959;50502462;3
4265816;50502462;1
11516994;50502462;1
18116337;50502462;2
22195484;50502462;1
25794676;50502462;1
27237804;50502462;1
28472873;50502462;2
30084098;50502462;1
44522359;50502462;1
48811338;50502462;2
43912302;50554473;1
45323422;50554473;1
43912302;50566134;1
45323422;50566134;1
12107290;50577583;1
32787573;50577583;1
37607456;50577583;1
3410832;50724152;2
8098780;50724152;1
25931002;50724152;1
32275860;50724152;1
32804293;50724152;1
38889827;50724152;1
39668640;50780129;1
11958649;50878575;1
12832681;50878575;1
27341417;50878575;6
37607456;50878575;6
44990825;50878575;2
49827539;50878575;4
1051796;50961064;2
3379361;50961064;2
7847672;50961064;1
12391891;50961064;2
25483199;50961064;2
15022798;50993866;1
21852694;50993866;1
22977241;50993866;1
7847213;51085575;17
16010940;51085575;1
17709220;51085575;1
19122405;51085575;7
31484037;51085575;10
33642640;51085575;2
35386223;51085575;1
43204348;51085575;1
46268944;51085575;3
42996937;51098540;1
11110297;51272842;1
29554109;51272842;1
35325665;51272842;1
1964069;51285527;1
26989326;51285527;1
29130759;51285527;1
38196826;51285527;1
41864666;51285527;1
3751170;51286000;1
5534462;51286000;1
10136288;51286000;1
41041437;51286000;1
1149569;51499432;7
6480333;51499432;1
6647301;51499432;13
11958649;51499432;1
12876959;51499432;1
17317841;51499432;1
26503031;51499432;1
27341417;51499432;6
37607456;51499432;8
41936365;51499432;1
42106463;51499432;1
44990825;51499432;1
1176303;51531983;3
21831517;51531983;2
47974333;51531983;2
16441789;51565162;1
24916133;51565162;1
33112881;51565162;1
